aeroporto;data_operacao;data_fim;id_posicao;posicao_txt;patio_txt;cia_sigla;voo_chegada;voo_saida;prefixo;envergadura_m;hora_inicio;hora_fim;portao;tipo_registro;pesquisado;observacao;equipamento;internacional;ativo
NAVEGANTES;01/09/2026;01/09/2026;5;T5;PRINCIPAL;AZU;4910;2704;;;430;475;3;VOO;0;PROGRAMACAO SET26;E295;0;1
NAVEGANTES;01/09/2026;01/09/2026;6;T6;PRINCIPAL;TAM;3988;3989;;;480;520;1;VOO;0;PROGRAMACAO SET26;A320;0;1
NAVEGANTES;01/09/2026;01/09/2026;4;T4;PRINCIPAL;GLO;1212;1215;;;505;580;4;VOO;0;PROGRAMACAO SET26;B738;0;1
NAVEGANTES;01/09/2026;01/09/2026;3;T3;PRINCIPAL;GLO;1874;1851;;;540;580;5;VOO;0;PROGRAMACAO SET26;B738;0;1
NAVEGANTES;01/09/2026;01/09/2026;4;T4;PRINCIPAL;GLO;1214;1217;;;600;705;4;VOO;0;PROGRAMACAO SET26;B738;0;1
NAVEGANTES;01/09/2026;01/09/2026;6;T6;PRINCIPAL;TAM;3404;3607;;;605;645;1;VOO;0;PROGRAMACAO SET26;A320;0;1
NAVEGANTES;01/09/2026;01/09/2026;3;T3;PRINCIPAL;GLO;1224;1225;;;640;685;5;VOO;0;PROGRAMACAO SET26;B738;0;1
NAVEGANTES;01/09/2026;01/09/2026;6;T6;PRINCIPAL;TAM;3144;3145;;;655;695;1;VOO;0;PROGRAMACAO SET26;A319;0;1
NAVEGANTES;01/09/2026;01/09/2026;2;T2;PRINCIPAL;AZU;4165;4170;;;680;720;3;VOO;0;PROGRAMACAO SET26;E295;0;1
NAVEGANTES;01/09/2026;01/09/2026;6;T6;PRINCIPAL;TAM;3272;3273;;;835;875;1;VOO;0;PROGRAMACAO SET26;A320;0;1
NAVEGANTES;01/09/2026;01/09/2026;5;T5;PRINCIPAL;AZU;4558;4630;;;910;960;3;VOO;0;PROGRAMACAO SET26;E295;0;1
NAVEGANTES;01/09/2026;01/09/2026;4;T4;PRINCIPAL;GLO;2165;1471;;;935;975;4;VOO;0;PROGRAMACAO SET26;B38M;0;1
NAVEGANTES;01/09/2026;01/09/2026;3;T3;PRINCIPAL;GLO;1216;1219;;;940;990;5;VOO;0;PROGRAMACAO SET26;B738;0;1
NAVEGANTES;01/09/2026;01/09/2026;6;T6;PRINCIPAL;TAM;3142;3143;;;985;1045;1;VOO;0;PROGRAMACAO SET26;A320;0;1
NAVEGANTES;01/09/2026;01/09/2026;6;T6;PRINCIPAL;TAM;3778;3779;;;1055;1100;1;VOO;0;PROGRAMACAO SET26;A320;0;1
NAVEGANTES;01/09/2026;01/09/2026;4;T4;PRINCIPAL;GLO;1218;1221;;;1085;1135;4;VOO;0;PROGRAMACAO SET26;B738;0;1
NAVEGANTES;01/09/2026;01/09/2026;3;T3;PRINCIPAL;GLO;1228;1229;;;1105;1150;5;VOO;0;PROGRAMACAO SET26;B738;0;1
NAVEGANTES;01/09/2026;01/09/2026;5;T5;PRINCIPAL;GLO;1854;1855;;;1115;1215;1;VOO;0;PROGRAMACAO SET26;B738;0;1
NAVEGANTES;01/09/2026;01/09/2026;2;T2;PRINCIPAL;AZU;4958;2861;;;1140;1190;3;VOO;0;PROGRAMACAO SET26;E295;0;1
NAVEGANTES;01/09/2026;01/09/2026;4;T4;PRINCIPAL;TAM;3408;3411;;;1145;1195;2;VOO;0;PROGRAMACAO SET26;A320;0;1
NAVEGANTES;01/09/2026;01/09/2026;3;T3;PRINCIPAL;TAM;3140;3141;;;1180;1220;5;VOO;0;PROGRAMACAO SET26;A319;0;1
NAVEGANTES;01/09/2026;02/09/2026;4;T4;PRINCIPAL;GLO;1856;1857;;;1390;370;4;VOO;0;PROGRAMACAO SET26;B738;0;1
NAVEGANTES;01/09/2026;02/09/2026;3;T3;PRINCIPAL;GLO;1230;1231;;;1400;380;5;VOO;0;PROGRAMACAO SET26;B738;0;1
NAVEGANTES;01/09/2026;02/09/2026;6;T6;PRINCIPAL;TAM;3304;3305;;;1405;310;1;VOO;0;PROGRAMACAO SET26;A320;0;1
NAVEGANTES;02/09/2026;02/09/2026;5;T5;PRINCIPAL;AZU;4910;2704;;;430;475;3;VOO;0;PROGRAMACAO SET26;E295;0;1
NAVEGANTES;02/09/2026;02/09/2026;6;T6;PRINCIPAL;TAM;3988;3989;;;480;520;1;VOO;0;PROGRAMACAO SET26;A320;0;1
NAVEGANTES;02/09/2026;02/09/2026;4;T4;PRINCIPAL;GLO;1212;1215;;;505;580;4;VOO;0;PROGRAMACAO SET26;B738;0;1
NAVEGANTES;02/09/2026;02/09/2026;3;T3;PRINCIPAL;GLO;1874;1851;;;540;580;5;VOO;0;PROGRAMACAO SET26;B738;0;1
NAVEGANTES;02/09/2026;02/09/2026;6;T6;PRINCIPAL;TAM;3404;3607;;;585;645;1;VOO;0;PROGRAMACAO SET26;A320;0;1
NAVEGANTES;02/09/2026;02/09/2026;4;T4;PRINCIPAL;GLO;1214;1217;;;600;705;4;VOO;0;PROGRAMACAO SET26;B738;0;1
NAVEGANTES;02/09/2026;02/09/2026;3;T3;PRINCIPAL;GLO;1224;1225;;;640;685;5;VOO;0;PROGRAMACAO SET26;B738;0;1
NAVEGANTES;02/09/2026;02/09/2026;6;T6;PRINCIPAL;TAM;3144;3145;;;655;695;1;VOO;0;PROGRAMACAO SET26;A319;0;1
NAVEGANTES;02/09/2026;02/09/2026;2;T2;PRINCIPAL;AZU;4165;2597;;;660;700;3;VOO;0;PROGRAMACAO SET26;E295;0;1
NAVEGANTES;02/09/2026;02/09/2026;4;T4;PRINCIPAL;GLO;9110;9111;;;720;760;4;VOO;0;PROGRAMACAO SET26;B738;0;1
NAVEGANTES;02/09/2026;02/09/2026;6;T6;PRINCIPAL;TAM;3272;3273;;;835;875;1;VOO;0;PROGRAMACAO SET26;A320;0;1
NAVEGANTES;02/09/2026;02/09/2026;5;T5;PRINCIPAL;AZU;2595;4630;;;910;960;3;VOO;0;PROGRAMACAO SET26;E295;0;1
NAVEGANTES;02/09/2026;02/09/2026;4;T4;PRINCIPAL;GLO;1470;2187;;;925;975;4;VOO;0;PROGRAMACAO SET26;B738;0;1
NAVEGANTES;02/09/2026;02/09/2026;3;T3;PRINCIPAL;GLO;1216;1219;;;940;990;5;VOO;0;PROGRAMACAO SET26;B738;0;1
NAVEGANTES;02/09/2026;02/09/2026;6;T6;PRINCIPAL;TAM;3142;3143;;;985;1045;1;VOO;0;PROGRAMACAO SET26;A320;0;1
NAVEGANTES;02/09/2026;02/09/2026;6;T6;PRINCIPAL;TAM;3778;3779;;;1055;1100;1;VOO;0;PROGRAMACAO SET26;A320;0;1
NAVEGANTES;02/09/2026;02/09/2026;4;T4;PRINCIPAL;GLO;1218;1221;;;1085;1135;4;VOO;0;PROGRAMACAO SET26;B738;0;1
NAVEGANTES;02/09/2026;02/09/2026;3;T3;PRINCIPAL;GLO;1228;1229;;;1105;1150;5;VOO;0;PROGRAMACAO SET26;B738;0;1
NAVEGANTES;02/09/2026;02/09/2026;5;T5;PRINCIPAL;GLO;1854;1855;;;1115;1165;1;VOO;0;PROGRAMACAO SET26;B738;0;1
NAVEGANTES;02/09/2026;02/09/2026;2;T2;PRINCIPAL;AZU;4958;2861;;;1140;1190;3;VOO;0;PROGRAMACAO SET26;E295;0;1
NAVEGANTES;02/09/2026;02/09/2026;4;T4;PRINCIPAL;TAM;3408;3411;;;1145;1195;2;VOO;0;PROGRAMACAO SET26;A320;0;1
NAVEGANTES;02/09/2026;02/09/2026;6;T6;PRINCIPAL;TAM;3140;3141;;;1180;1220;1;VOO;0;PROGRAMACAO SET26;A320;0;1
NAVEGANTES;02/09/2026;03/09/2026;4;T4;PRINCIPAL;GLO;1856;1857;;;1370;370;4;VOO;0;PROGRAMACAO SET26;B738;0;1
NAVEGANTES;02/09/2026;03/09/2026;3;T3;PRINCIPAL;GLO;1230;1231;;;1400;375;5;VOO;0;PROGRAMACAO SET26;B738;0;1
NAVEGANTES;02/09/2026;03/09/2026;6;T6;PRINCIPAL;TAM;3304;3305;;;1405;310;1;VOO;0;PROGRAMACAO SET26;A320;0;1
NAVEGANTES;03/09/2026;03/09/2026;5;T5;PRINCIPAL;AZU;4910;2704;;;430;475;3;VOO;0;PROGRAMACAO SET26;E295;0;1
NAVEGANTES;03/09/2026;03/09/2026;6;T6;PRINCIPAL;TAM;3988;3989;;;480;520;1;VOO;0;PROGRAMACAO SET26;A320;0;1
NAVEGANTES;03/09/2026;03/09/2026;4;T4;PRINCIPAL;GLO;1212;1215;;;505;580;4;VOO;0;PROGRAMACAO SET26;B738;0;1
NAVEGANTES;03/09/2026;03/09/2026;3;T3;PRINCIPAL;GLO;1874;1851;;;540;580;5;VOO;0;PROGRAMACAO SET26;B738;0;1
NAVEGANTES;03/09/2026;03/09/2026;4;T4;PRINCIPAL;GLO;1214;1217;;;600;705;4;VOO;0;PROGRAMACAO SET26;B738;0;1
NAVEGANTES;03/09/2026;03/09/2026;6;T6;PRINCIPAL;TAM;3404;3607;;;605;645;1;VOO;0;PROGRAMACAO SET26;A320;0;1
NAVEGANTES;03/09/2026;03/09/2026;3;T3;PRINCIPAL;GLO;1224;1225;;;640;685;5;VOO;0;PROGRAMACAO SET26;B738;0;1
NAVEGANTES;03/09/2026;03/09/2026;6;T6;PRINCIPAL;TAM;3144;3145;;;655;695;1;VOO;0;PROGRAMACAO SET26;A319;0;1
NAVEGANTES;03/09/2026;03/09/2026;2;T2;PRINCIPAL;AZU;4165;4170;;;660;700;3;VOO;0;PROGRAMACAO SET26;E295;0;1
NAVEGANTES;03/09/2026;03/09/2026;6;T6;PRINCIPAL;TAM;3272;3273;;;835;875;1;VOO;0;PROGRAMACAO SET26;A320;0;1
NAVEGANTES;03/09/2026;03/09/2026;6;T6;PRINCIPAL;TAM;9006;9007;;;905;950;1;VOO;0;PROGRAMACAO SET26;A320;0;1
NAVEGANTES;03/09/2026;03/09/2026;3;T3;PRINCIPAL;AZU;4558;4630;;;910;960;3;VOO;0;PROGRAMACAO SET26;E295;0;1
NAVEGANTES;03/09/2026;03/09/2026;4;T4;PRINCIPAL;GLO;1470;1471;;;925;975;4;VOO;0;PROGRAMACAO SET26;B738;0;1
NAVEGANTES;03/09/2026;03/09/2026;2;T2;PRINCIPAL;GLO;1216;1219;;;940;990;5;VOO;0;PROGRAMACAO SET26;B738;0;1
NAVEGANTES;03/09/2026;03/09/2026;6;T6;PRINCIPAL;TAM;3142;3143;;;985;1045;1;VOO;0;PROGRAMACAO SET26;A320;0;1
NAVEGANTES;03/09/2026;03/09/2026;6;T6;PRINCIPAL;TAM;3778;3779;;;1055;1100;1;VOO;0;PROGRAMACAO SET26;A320;0;1
NAVEGANTES;03/09/2026;03/09/2026;4;T4;PRINCIPAL;GLO;1218;1221;;;1085;1135;4;VOO;0;PROGRAMACAO SET26;B738;0;1
NAVEGANTES;03/09/2026;03/09/2026;3;T3;PRINCIPAL;GLO;1228;1229;;;1105;1150;5;VOO;0;PROGRAMACAO SET26;B738;0;1
NAVEGANTES;03/09/2026;03/09/2026;5;T5;PRINCIPAL;GLO;1854;1855;;;1115;1215;1;VOO;0;PROGRAMACAO SET26;B738;0;1
NAVEGANTES;03/09/2026;03/09/2026;2;T2;PRINCIPAL;AZU;4958;2861;;;1140;1190;3;VOO;0;PROGRAMACAO SET26;E295;0;1
NAVEGANTES;03/09/2026;03/09/2026;4;T4;PRINCIPAL;TAM;3408;3411;;;1145;1185;2;VOO;0;PROGRAMACAO SET26;A320;0;1
NAVEGANTES;03/09/2026;03/09/2026;3;T3;PRINCIPAL;TAM;3140;3141;;;1180;1220;5;VOO;0;PROGRAMACAO SET26;A320;0;1
NAVEGANTES;03/09/2026;04/09/2026;6;T6;PRINCIPAL;TAM;3304;3305;;;1375;310;1;VOO;0;PROGRAMACAO SET26;A320;0;1
NAVEGANTES;03/09/2026;04/09/2026;4;T4;PRINCIPAL;GLO;1856;1857;;;1390;370;4;VOO;0;PROGRAMACAO SET26;B738;0;1
NAVEGANTES;03/09/2026;04/09/2026;3;T3;PRINCIPAL;GLO;1230;1231;;;1400;380;5;VOO;0;PROGRAMACAO SET26;B738;0;1
NAVEGANTES;04/09/2026;04/09/2026;5;T5;PRINCIPAL;AZU;4910;2704;;;430;475;3;VOO;0;PROGRAMACAO SET26;E295;0;1
NAVEGANTES;04/09/2026;04/09/2026;6;T6;PRINCIPAL;TAM;3988;3989;;;480;520;1;VOO;0;PROGRAMACAO SET26;A320;0;1
NAVEGANTES;04/09/2026;04/09/2026;4;T4;PRINCIPAL;GLO;1212;1215;;;505;580;4;VOO;0;PROGRAMACAO SET26;B738;0;1
NAVEGANTES;04/09/2026;04/09/2026;3;T3;PRINCIPAL;GLO;1874;1851;;;540;580;5;VOO;0;PROGRAMACAO SET26;B738;0;1
NAVEGANTES;04/09/2026;04/09/2026;6;T6;PRINCIPAL;TAM;3404;3607;;;585;635;1;VOO;0;PROGRAMACAO SET26;A320;0;1
NAVEGANTES;04/09/2026;04/09/2026;4;T4;PRINCIPAL;GLO;1214;1217;;;600;705;4;VOO;0;PROGRAMACAO SET26;B738;0;1
NAVEGANTES;04/09/2026;04/09/2026;3;T3;PRINCIPAL;GLO;1224;1225;;;640;685;5;VOO;0;PROGRAMACAO SET26;B738;0;1
NAVEGANTES;04/09/2026;04/09/2026;6;T6;PRINCIPAL;TAM;3144;3145;;;655;695;1;VOO;0;PROGRAMACAO SET26;A319;0;1
NAVEGANTES;04/09/2026;04/09/2026;2;T2;PRINCIPAL;AZU;4165;4170;;;660;700;3;VOO;0;PROGRAMACAO SET26;E295;0;1
NAVEGANTES;04/09/2026;04/09/2026;6;T6;PRINCIPAL;TAM;3272;3273;;;835;875;1;VOO;0;PROGRAMACAO SET26;A320;0;1
NAVEGANTES;04/09/2026;04/09/2026;5;T5;PRINCIPAL;AZU;4558;4630;;;910;960;3;VOO;0;PROGRAMACAO SET26;E295;0;1
NAVEGANTES;04/09/2026;04/09/2026;4;T4;PRINCIPAL;GLO;2165;2187;;;935;975;4;VOO;0;PROGRAMACAO SET26;B38M;0;1
NAVEGANTES;04/09/2026;04/09/2026;3;T3;PRINCIPAL;GLO;1216;1219;;;940;990;5;VOO;0;PROGRAMACAO SET26;B738;0;1
NAVEGANTES;04/09/2026;04/09/2026;6;T6;PRINCIPAL;TAM;3142;3143;;;985;1045;1;VOO;0;PROGRAMACAO SET26;A320;0;1
NAVEGANTES;04/09/2026;04/09/2026;6;T6;PRINCIPAL;TAM;3778;3779;;;1055;1100;1;VOO;0;PROGRAMACAO SET26;A320;0;1
NAVEGANTES;04/09/2026;04/09/2026;4;T4;PRINCIPAL;GLO;1218;1221;;;1085;1135;4;VOO;0;PROGRAMACAO SET26;B738;0;1
NAVEGANTES;04/09/2026;04/09/2026;3;T3;PRINCIPAL;GLO;1228;1229;;;1105;1150;5;VOO;0;PROGRAMACAO SET26;B738;0;1
NAVEGANTES;04/09/2026;04/09/2026;5;T5;PRINCIPAL;GLO;1854;1855;;;1115;1165;1;VOO;0;PROGRAMACAO SET26;B738;0;1
NAVEGANTES;04/09/2026;04/09/2026;2;T2;PRINCIPAL;AZU;4958;2861;;;1140;1190;3;VOO;0;PROGRAMACAO SET26;E295;0;1
NAVEGANTES;04/09/2026;04/09/2026;4;T4;PRINCIPAL;TAM;3408;3411;;;1145;1195;2;VOO;0;PROGRAMACAO SET26;A320;0;1
NAVEGANTES;04/09/2026;04/09/2026;6;T6;PRINCIPAL;TAM;3140;3141;;;1180;1220;1;VOO;0;PROGRAMACAO SET26;A320;0;1
NAVEGANTES;04/09/2026;05/09/2026;4;T4;PRINCIPAL;GLO;1856;1857;;;1370;370;4;VOO;0;PROGRAMACAO SET26;B738;0;1
NAVEGANTES;04/09/2026;05/09/2026;3;T3;PRINCIPAL;GLO;1230;1231;;;1400;390;5;VOO;0;PROGRAMACAO SET26;B738;0;1
NAVEGANTES;04/09/2026;05/09/2026;6;T6;PRINCIPAL;TAM;3304;3305;;;1405;310;1;VOO;0;PROGRAMACAO SET26;A320;0;1
NAVEGANTES;05/09/2026;05/09/2026;5;T5;PRINCIPAL;AZU;4910;2704;;;430;475;3;VOO;0;PROGRAMACAO SET26;E295;0;1
NAVEGANTES;05/09/2026;05/09/2026;4;T4;PRINCIPAL;TAM;3772;3989;;;435;485;1;VOO;0;PROGRAMACAO SET26;A320;0;1
NAVEGANTES;05/09/2026;05/09/2026;4;T4;PRINCIPAL;GLO;1874;1851;;;540;580;4;VOO;0;PROGRAMACAO SET26;B738;0;1
NAVEGANTES;05/09/2026;05/09/2026;6;T6;PRINCIPAL;TAM;3404;3607;;;585;630;1;VOO;0;PROGRAMACAO SET26;A320;0;1
NAVEGANTES;05/09/2026;05/09/2026;4;T4;PRINCIPAL;GLO;1214;1217;;;615;665;4;VOO;0;PROGRAMACAO SET26;B738;0;1
NAVEGANTES;05/09/2026;05/09/2026;3;T3;PRINCIPAL;TAM;3144;3145;;;620;670;2;VOO;0;PROGRAMACAO SET26;A320;0;1
NAVEGANTES;05/09/2026;05/09/2026;5;T5;PRINCIPAL;GLO;1224;1225;;;635;675;5;VOO;0;PROGRAMACAO SET26;B738;0;1
NAVEGANTES;05/09/2026;05/09/2026;2;T2;PRINCIPAL;AZU;4165;4170;;;660;700;3;VOO;0;PROGRAMACAO SET26;E295;0;1
NAVEGANTES;05/09/2026;05/09/2026;6;T6;PRINCIPAL;TAM;4608;4609;;;825;865;1;VOO;0;PROGRAMACAO SET26;A319;0;1
NAVEGANTES;05/09/2026;05/09/2026;5;T5;PRINCIPAL;AZU;4558;4630;;;910;960;3;VOO;0;PROGRAMACAO SET26;E295;0;1
NAVEGANTES;05/09/2026;05/09/2026;4;T4;PRINCIPAL;GLO;1470;1471;;;925;975;4;VOO;0;PROGRAMACAO SET26;B738;0;1
NAVEGANTES;05/09/2026;05/09/2026;3;T3;PRINCIPAL;GLO;1216;1219;;;940;985;5;VOO;0;PROGRAMACAO SET26;B738;0;1
NAVEGANTES;05/09/2026;05/09/2026;6;T6;PRINCIPAL;TAM;3988;3143;;;1000;1050;1;VOO;0;PROGRAMACAO SET26;A320;0;1
NAVEGANTES;05/09/2026;05/09/2026;4;T4;PRINCIPAL;GLO;1218;1855;;;1080;1155;4;VOO;0;PROGRAMACAO SET26;B738;0;1
NAVEGANTES;05/09/2026;06/09/2026;3;T3;PRINCIPAL;GLO;1854;1857;;;1115;370;5;VOO;0;PROGRAMACAO SET26;B738;0;1
NAVEGANTES;05/09/2026;05/09/2026;5;T5;PRINCIPAL;AZU;4958;2861;;;1140;1190;3;VOO;0;PROGRAMACAO SET26;E295;0;1
NAVEGANTES;05/09/2026;05/09/2026;2;T2;PRINCIPAL;TAM;3408;3411;;;1145;1185;1;VOO;0;PROGRAMACAO SET26;A320;0;1
NAVEGANTES;05/09/2026;06/09/2026;4;T4;PRINCIPAL;GLO;1856;1231;;;1390;375;4;VOO;0;PROGRAMACAO SET26;B738;0;1
NAVEGANTES;05/09/2026;06/09/2026;5;T5;PRINCIPAL;GLO;1230;1213;;;1400;475;1;VOO;0;PROGRAMACAO SET26;B738;0;1
NAVEGANTES;06/09/2026;06/09/2026;4;T4;PRINCIPAL;GLO;1874;1851;;;540;580;4;VOO;0;PROGRAMACAO SET26;B738;0;1
NAVEGANTES;06/09/2026;06/09/2026;6;T6;PRINCIPAL;TAM;3136;3989;;;565;610;1;VOO;0;PROGRAMACAO SET26;A319;0;1
NAVEGANTES;06/09/2026;06/09/2026;4;T4;PRINCIPAL;TAM;3404;3607;;;585;640;2;VOO;0;PROGRAMACAO SET26;A320;0;1
NAVEGANTES;06/09/2026;06/09/2026;3;T3;PRINCIPAL;GLO;1214;1225;;;600;675;4;VOO;0;PROGRAMACAO SET26;B738;0;1
NAVEGANTES;06/09/2026;06/09/2026;5;T5;PRINCIPAL;GLO;1224;1219;;;625;955;5;VOO;0;PROGRAMACAO SET26;B738;0;1
NAVEGANTES;06/09/2026;06/09/2026;2;T2;PRINCIPAL;AZU;4165;2597;;;660;700;3;VOO;0;PROGRAMACAO SET26;E295;0;1
NAVEGANTES;06/09/2026;06/09/2026;4;T4;PRINCIPAL;TAM;3272;3273;;;780;820;1;VOO;0;PROGRAMACAO SET26;A320;0;1
NAVEGANTES;06/09/2026;06/09/2026;4;T4;PRINCIPAL;TAM;4608;4609;;;825;865;1;VOO;0;PROGRAMACAO SET26;A320;0;1
NAVEGANTES;06/09/2026;06/09/2026;3;T3;PRINCIPAL;AZU;2595;4630;;;910;960;3;VOO;0;PROGRAMACAO SET26;E295;0;1
NAVEGANTES;06/09/2026;06/09/2026;4;T4;PRINCIPAL;GLO;2165;2187;;;935;975;4;VOO;0;PROGRAMACAO SET26;B38M;0;1
NAVEGANTES;06/09/2026;06/09/2026;6;T6;PRINCIPAL;TAM;3138;3143;;;980;1030;1;VOO;0;PROGRAMACAO SET26;A320;0;1
NAVEGANTES;06/09/2026;06/09/2026;4;T4;PRINCIPAL;GLO;1218;1221;;;1055;1120;4;VOO;0;PROGRAMACAO SET26;B738;0;1
NAVEGANTES;06/09/2026;06/09/2026;3;T3;PRINCIPAL;GLO;1228;1229;;;1110;1175;5;VOO;0;PROGRAMACAO SET26;B738;0;1
NAVEGANTES;06/09/2026;06/09/2026;5;T5;PRINCIPAL;GLO;1854;1855;;;1115;1165;1;VOO;0;PROGRAMACAO SET26;B738;0;1
NAVEGANTES;06/09/2026;06/09/2026;2;T2;PRINCIPAL;AZU;4958;2861;;;1140;1190;3;VOO;0;PROGRAMACAO SET26;E295;0;1
NAVEGANTES;06/09/2026;06/09/2026;4;T4;PRINCIPAL;TAM;3408;3411;;;1145;1195;2;VOO;0;PROGRAMACAO SET26;A320;0;1
NAVEGANTES;06/09/2026;06/09/2026;6;T6;PRINCIPAL;TAM;3696;3141;;;1200;1240;1;VOO;0;PROGRAMACAO SET26;A320;0;1
NAVEGANTES;06/09/2026;07/09/2026;4;T4;PRINCIPAL;GLO;1856;1857;;;1370;370;4;VOO;0;PROGRAMACAO SET26;B738;0;1
NAVEGANTES;06/09/2026;07/09/2026;3;T3;PRINCIPAL;GLO;1230;1231;;;1400;380;5;VOO;0;PROGRAMACAO SET26;B738;0;1
NAVEGANTES;06/09/2026;07/09/2026;6;T6;PRINCIPAL;TAM;3304;3305;;;1405;310;1;VOO;0;PROGRAMACAO SET26;A320;0;1
NAVEGANTES;07/09/2026;07/09/2026;6;T6;PRINCIPAL;TAM;3988;3989;;;480;520;1;VOO;0;PROGRAMACAO SET26;A320;0;1
NAVEGANTES;07/09/2026;07/09/2026;4;T4;PRINCIPAL;GLO;1212;1215;;;505;580;4;VOO;0;PROGRAMACAO SET26;B738;0;1
NAVEGANTES;07/09/2026;07/09/2026;3;T3;PRINCIPAL;GLO;1874;1851;;;540;580;5;VOO;0;PROGRAMACAO SET26;B738;0;1
NAVEGANTES;07/09/2026;07/09/2026;6;T6;PRINCIPAL;TAM;3404;3607;;;585;630;1;VOO;0;PROGRAMACAO SET26;A320;0;1
NAVEGANTES;07/09/2026;07/09/2026;4;T4;PRINCIPAL;GLO;1214;1217;;;600;705;4;VOO;0;PROGRAMACAO SET26;B738;0;1
NAVEGANTES;07/09/2026;07/09/2026;3;T3;PRINCIPAL;GLO;1224;1225;;;640;685;5;VOO;0;PROGRAMACAO SET26;B738;0;1
NAVEGANTES;07/09/2026;07/09/2026;6;T6;PRINCIPAL;TAM;3144;3145;;;655;695;1;VOO;0;PROGRAMACAO SET26;A319;0;1
NAVEGANTES;07/09/2026;07/09/2026;2;T2;PRINCIPAL;AZU;4165;4170;;;660;700;3;VOO;0;PROGRAMACAO SET26;E295;0;1
NAVEGANTES;07/09/2026;07/09/2026;4;T4;PRINCIPAL;GLO;9110;9111;;;720;760;4;VOO;0;PROGRAMACAO SET26;B738;0;1
NAVEGANTES;07/09/2026;07/09/2026;5;T5;PRINCIPAL;AZU;4558;4630;;;910;960;3;VOO;0;PROGRAMACAO SET26;E295;0;1
NAVEGANTES;07/09/2026;07/09/2026;4;T4;PRINCIPAL;GLO;1470;1471;;;925;975;4;VOO;0;PROGRAMACAO SET26;B738;0;1
NAVEGANTES;07/09/2026;07/09/2026;3;T3;PRINCIPAL;GLO;1216;1219;;;940;990;5;VOO;0;PROGRAMACAO SET26;B738;0;1
NAVEGANTES;07/09/2026;07/09/2026;6;T6;PRINCIPAL;TAM;3142;3143;;;985;1045;1;VOO;0;PROGRAMACAO SET26;A320;0;1
NAVEGANTES;07/09/2026;07/09/2026;6;T6;PRINCIPAL;TAM;3778;3779;;;1055;1100;1;VOO;0;PROGRAMACAO SET26;A320;0;1
NAVEGANTES;07/09/2026;07/09/2026;4;T4;PRINCIPAL;GLO;1218;1221;;;1085;1135;4;VOO;0;PROGRAMACAO SET26;B738;0;1
NAVEGANTES;07/09/2026;07/09/2026;3;T3;PRINCIPAL;GLO;1228;1229;;;1105;1150;5;VOO;0;PROGRAMACAO SET26;B738;0;1
NAVEGANTES;07/09/2026;07/09/2026;5;T5;PRINCIPAL;GLO;1854;1855;;;1115;1165;1;VOO;0;PROGRAMACAO SET26;B738;0;1
NAVEGANTES;07/09/2026;07/09/2026;2;T2;PRINCIPAL;AZU;4958;2861;;;1140;1190;3;VOO;0;PROGRAMACAO SET26;E295;0;1
NAVEGANTES;07/09/2026;07/09/2026;4;T4;PRINCIPAL;TAM;3408;3411;;;1145;1195;2;VOO;0;PROGRAMACAO SET26;A320;0;1
NAVEGANTES;07/09/2026;07/09/2026;6;T6;PRINCIPAL;TAM;3140;3141;;;1180;1220;1;VOO;0;PROGRAMACAO SET26;A320;0;1
NAVEGANTES;07/09/2026;08/09/2026;4;T4;PRINCIPAL;GLO;1856;1857;;;1390;370;4;VOO;0;PROGRAMACAO SET26;B738;0;1
NAVEGANTES;07/09/2026;08/09/2026;3;T3;PRINCIPAL;GLO;1230;1231;;;1400;380;5;VOO;0;PROGRAMACAO SET26;B738;0;1
NAVEGANTES;07/09/2026;08/09/2026;6;T6;PRINCIPAL;TAM;3304;3305;;;1405;310;1;VOO;0;PROGRAMACAO SET26;A320;0;1
NAVEGANTES;08/09/2026;08/09/2026;5;T5;PRINCIPAL;AZU;4910;2704;;;430;475;3;VOO;0;PROGRAMACAO SET26;E295;0;1
NAVEGANTES;08/09/2026;08/09/2026;6;T6;PRINCIPAL;TAM;3988;3989;;;480;520;1;VOO;0;PROGRAMACAO SET26;A320;0;1
NAVEGANTES;08/09/2026;08/09/2026;4;T4;PRINCIPAL;GLO;1212;1215;;;505;580;4;VOO;0;PROGRAMACAO SET26;B738;0;1
NAVEGANTES;08/09/2026;08/09/2026;3;T3;PRINCIPAL;GLO;1874;1851;;;540;580;5;VOO;0;PROGRAMACAO SET26;B738;0;1
NAVEGANTES;08/09/2026;08/09/2026;6;T6;PRINCIPAL;TAM;3404;3607;;;590;635;1;VOO;0;PROGRAMACAO SET26;A320;0;1
NAVEGANTES;08/09/2026;08/09/2026;4;T4;PRINCIPAL;GLO;1214;1217;;;600;705;4;VOO;0;PROGRAMACAO SET26;B738;0;1
NAVEGANTES;08/09/2026;08/09/2026;3;T3;PRINCIPAL;GLO;1224;1225;;;640;685;5;VOO;0;PROGRAMACAO SET26;B738;0;1
NAVEGANTES;08/09/2026;08/09/2026;6;T6;PRINCIPAL;TAM;3144;3145;;;655;695;1;VOO;0;PROGRAMACAO SET26;A319;0;1
NAVEGANTES;08/09/2026;08/09/2026;2;T2;PRINCIPAL;AZU;4165;4170;;;660;700;3;VOO;0;PROGRAMACAO SET26;E295;0;1
NAVEGANTES;08/09/2026;08/09/2026;6;T6;PRINCIPAL;TAM;3272;3273;;;835;875;1;VOO;0;PROGRAMACAO SET26;A320;0;1
NAVEGANTES;08/09/2026;08/09/2026;4;T4;PRINCIPAL;GLO;1216;1219;;;905;945;4;VOO;0;PROGRAMACAO SET26;B738;0;1
NAVEGANTES;08/09/2026;08/09/2026;5;T5;PRINCIPAL;AZU;4558;4630;;;910;950;3;VOO;0;PROGRAMACAO SET26;E295;0;1
NAVEGANTES;08/09/2026;08/09/2026;3;T3;PRINCIPAL;GLO;2165;1471;;;935;975;5;VOO;0;PROGRAMACAO SET26;B38M;0;1
NAVEGANTES;08/09/2026;08/09/2026;6;T6;PRINCIPAL;TAM;3142;3143;;;985;1045;1;VOO;0;PROGRAMACAO SET26;A320;0;1
NAVEGANTES;08/09/2026;08/09/2026;6;T6;PRINCIPAL;TAM;3778;3779;;;1055;1100;1;VOO;0;PROGRAMACAO SET26;A319;0;1
NAVEGANTES;08/09/2026;08/09/2026;4;T4;PRINCIPAL;GLO;1218;1221;;;1085;1135;4;VOO;0;PROGRAMACAO SET26;B738;0;1
NAVEGANTES;08/09/2026;08/09/2026;3;T3;PRINCIPAL;GLO;1228;1229;;;1105;1150;5;VOO;0;PROGRAMACAO SET26;B738;0;1
NAVEGANTES;08/09/2026;08/09/2026;5;T5;PRINCIPAL;GLO;1854;1855;;;1115;1215;1;VOO;0;PROGRAMACAO SET26;B738;0;1
NAVEGANTES;08/09/2026;08/09/2026;2;T2;PRINCIPAL;AZU;4958;2861;;;1140;1185;3;VOO;0;PROGRAMACAO SET26;E295;0;1
NAVEGANTES;08/09/2026;08/09/2026;4;T4;PRINCIPAL;TAM;3140;3141;;;1180;1220;2;VOO;0;PROGRAMACAO SET26;A319;0;1
NAVEGANTES;08/09/2026;09/09/2026;4;T4;PRINCIPAL;GLO;1856;1857;;;1390;370;4;VOO;0;PROGRAMACAO SET26;B738;0;1
NAVEGANTES;08/09/2026;09/09/2026;3;T3;PRINCIPAL;GLO;1230;1231;;;1400;380;5;VOO;0;PROGRAMACAO SET26;B738;0;1
NAVEGANTES;08/09/2026;09/09/2026;6;T6;PRINCIPAL;TAM;3304;3305;;;1405;310;1;VOO;0;PROGRAMACAO SET26;A319;0;1
NAVEGANTES;09/09/2026;09/09/2026;5;T5;PRINCIPAL;AZU;4910;2704;;;430;475;3;VOO;0;PROGRAMACAO SET26;E295;0;1
NAVEGANTES;09/09/2026;09/09/2026;6;T6;PRINCIPAL;TAM;3988;3989;;;480;520;1;VOO;0;PROGRAMACAO SET26;A320;0;1
NAVEGANTES;09/09/2026;09/09/2026;4;T4;PRINCIPAL;GLO;1212;1215;;;505;580;4;VOO;0;PROGRAMACAO SET26;B738;0;1
NAVEGANTES;09/09/2026;09/09/2026;3;T3;PRINCIPAL;GLO;1874;1851;;;540;580;5;VOO;0;PROGRAMACAO SET26;B738;0;1
NAVEGANTES;09/09/2026;09/09/2026;6;T6;PRINCIPAL;TAM;3404;3607;;;585;645;1;VOO;0;PROGRAMACAO SET26;A320;0;1
NAVEGANTES;09/09/2026;09/09/2026;4;T4;PRINCIPAL;GLO;1214;1217;;;600;705;4;VOO;0;PROGRAMACAO SET26;B738;0;1
NAVEGANTES;09/09/2026;09/09/2026;3;T3;PRINCIPAL;GLO;1224;1225;;;640;685;5;VOO;0;PROGRAMACAO SET26;B738;0;1
NAVEGANTES;09/09/2026;09/09/2026;6;T6;PRINCIPAL;TAM;3144;3145;;;655;695;1;VOO;0;PROGRAMACAO SET26;A319;0;1
NAVEGANTES;09/09/2026;09/09/2026;2;T2;PRINCIPAL;AZU;4165;2597;;;660;700;3;VOO;0;PROGRAMACAO SET26;E295;0;1
NAVEGANTES;09/09/2026;09/09/2026;4;T4;PRINCIPAL;GLO;9110;9111;;;740;780;4;VOO;0;PROGRAMACAO SET26;B738;0;1
NAVEGANTES;09/09/2026;09/09/2026;6;T6;PRINCIPAL;TAM;3272;3273;;;835;875;1;VOO;0;PROGRAMACAO SET26;A320;0;1
NAVEGANTES;09/09/2026;09/09/2026;5;T5;PRINCIPAL;AZU;2595;4630;;;910;950;3;VOO;0;PROGRAMACAO SET26;E295;0;1
NAVEGANTES;09/09/2026;09/09/2026;4;T4;PRINCIPAL;GLO;1470;2187;;;925;975;4;VOO;0;PROGRAMACAO SET26;B738;0;1
NAVEGANTES;09/09/2026;09/09/2026;3;T3;PRINCIPAL;GLO;1216;1219;;;940;990;5;VOO;0;PROGRAMACAO SET26;B738;0;1
NAVEGANTES;09/09/2026;09/09/2026;6;T6;PRINCIPAL;TAM;3142;3143;;;985;1045;1;VOO;0;PROGRAMACAO SET26;A320;0;1
NAVEGANTES;09/09/2026;09/09/2026;6;T6;PRINCIPAL;TAM;3778;3779;;;1055;1100;1;VOO;0;PROGRAMACAO SET26;A320;0;1
NAVEGANTES;09/09/2026;09/09/2026;4;T4;PRINCIPAL;GLO;1218;1221;;;1085;1135;4;VOO;0;PROGRAMACAO SET26;B738;0;1
NAVEGANTES;09/09/2026;09/09/2026;3;T3;PRINCIPAL;GLO;1228;1229;;;1105;1150;5;VOO;0;PROGRAMACAO SET26;B738;0;1
NAVEGANTES;09/09/2026;09/09/2026;5;T5;PRINCIPAL;GLO;1854;1855;;;1125;1165;1;VOO;0;PROGRAMACAO SET26;B738;0;1
NAVEGANTES;09/09/2026;09/09/2026;2;T2;PRINCIPAL;AZU;4958;2861;;;1140;1185;3;VOO;0;PROGRAMACAO SET26;E295;0;1
NAVEGANTES;09/09/2026;09/09/2026;4;T4;PRINCIPAL;TAM;3408;3411;;;1145;1195;2;VOO;0;PROGRAMACAO SET26;A320;0;1
NAVEGANTES;09/09/2026;09/09/2026;6;T6;PRINCIPAL;TAM;3140;3141;;;1180;1220;1;VOO;0;PROGRAMACAO SET26;A320;0;1
NAVEGANTES;09/09/2026;10/09/2026;4;T4;PRINCIPAL;GLO;1856;1857;;;1370;370;4;VOO;0;PROGRAMACAO SET26;B738;0;1
NAVEGANTES;09/09/2026;10/09/2026;3;T3;PRINCIPAL;GLO;1230;1231;;;1400;375;5;VOO;0;PROGRAMACAO SET26;B738;0;1
NAVEGANTES;09/09/2026;10/09/2026;6;T6;PRINCIPAL;TAM;3304;3305;;;1405;310;1;VOO;0;PROGRAMACAO SET26;A320;0;1
NAVEGANTES;10/09/2026;10/09/2026;5;T5;PRINCIPAL;AZU;4910;2704;;;430;475;3;VOO;0;PROGRAMACAO SET26;E295;0;1
NAVEGANTES;10/09/2026;10/09/2026;6;T6;PRINCIPAL;TAM;3988;3989;;;480;520;1;VOO;0;PROGRAMACAO SET26;A320;0;1
NAVEGANTES;10/09/2026;10/09/2026;4;T4;PRINCIPAL;GLO;1212;1215;;;505;580;4;VOO;0;PROGRAMACAO SET26;B738;0;1
NAVEGANTES;10/09/2026;10/09/2026;3;T3;PRINCIPAL;GLO;1874;1851;;;540;580;5;VOO;0;PROGRAMACAO SET26;B738;0;1
NAVEGANTES;10/09/2026;10/09/2026;4;T4;PRINCIPAL;GLO;1214;1217;;;600;705;4;VOO;0;PROGRAMACAO SET26;B738;0;1
NAVEGANTES;10/09/2026;10/09/2026;6;T6;PRINCIPAL;TAM;3404;3607;;;605;645;1;VOO;0;PROGRAMACAO SET26;A319;0;1
NAVEGANTES;10/09/2026;10/09/2026;3;T3;PRINCIPAL;GLO;1224;1225;;;640;685;5;VOO;0;PROGRAMACAO SET26;B738;0;1
NAVEGANTES;10/09/2026;10/09/2026;6;T6;PRINCIPAL;TAM;3144;3145;;;655;695;1;VOO;0;PROGRAMACAO SET26;A319;0;1
NAVEGANTES;10/09/2026;10/09/2026;2;T2;PRINCIPAL;AZU;4165;4170;;;660;700;3;VOO;0;PROGRAMACAO SET26;E295;0;1
NAVEGANTES;10/09/2026;10/09/2026;6;T6;PRINCIPAL;TAM;3272;3273;;;835;875;1;VOO;0;PROGRAMACAO SET26;A320;0;1
NAVEGANTES;10/09/2026;10/09/2026;4;T4;PRINCIPAL;TAM;9006;9007;;;855;930;2;VOO;0;PROGRAMACAO SET26;A320;0;1
NAVEGANTES;10/09/2026;10/09/2026;5;T5;PRINCIPAL;AZU;4558;4630;;;910;950;3;VOO;0;PROGRAMACAO SET26;E295;0;1
NAVEGANTES;10/09/2026;10/09/2026;3;T3;PRINCIPAL;GLO;1470;1471;;;925;975;4;VOO;0;PROGRAMACAO SET26;B738;0;1
NAVEGANTES;10/09/2026;10/09/2026;4;T4;PRINCIPAL;GLO;1216;1219;;;940;990;5;VOO;0;PROGRAMACAO SET26;B738;0;1
NAVEGANTES;10/09/2026;10/09/2026;6;T6;PRINCIPAL;TAM;3142;3143;;;985;1045;1;VOO;0;PROGRAMACAO SET26;A320;0;1
NAVEGANTES;10/09/2026;10/09/2026;6;T6;PRINCIPAL;TAM;3778;3779;;;1055;1100;1;VOO;0;PROGRAMACAO SET26;A320;0;1
NAVEGANTES;10/09/2026;10/09/2026;4;T4;PRINCIPAL;GLO;1218;1221;;;1085;1135;4;VOO;0;PROGRAMACAO SET26;B738;0;1
NAVEGANTES;10/09/2026;10/09/2026;3;T3;PRINCIPAL;GLO;1228;1229;;;1105;1150;5;VOO;0;PROGRAMACAO SET26;B738;0;1
NAVEGANTES;10/09/2026;10/09/2026;5;T5;PRINCIPAL;GLO;1854;1855;;;1115;1215;1;VOO;0;PROGRAMACAO SET26;B738;0;1
NAVEGANTES;10/09/2026;10/09/2026;2;T2;PRINCIPAL;AZU;4958;2861;;;1140;1185;3;VOO;0;PROGRAMACAO SET26;E295;0;1
NAVEGANTES;10/09/2026;10/09/2026;4;T4;PRINCIPAL;TAM;3408;3411;;;1145;1195;2;VOO;0;PROGRAMACAO SET26;A320;0;1
NAVEGANTES;10/09/2026;10/09/2026;3;T3;PRINCIPAL;TAM;3140;3141;;;1180;1220;5;VOO;0;PROGRAMACAO SET26;A320;0;1
NAVEGANTES;10/09/2026;11/09/2026;6;T6;PRINCIPAL;TAM;3304;3305;;;1370;310;1;VOO;0;PROGRAMACAO SET26;A320;0;1
NAVEGANTES;10/09/2026;11/09/2026;4;T4;PRINCIPAL;GLO;1856;1857;;;1390;370;4;VOO;0;PROGRAMACAO SET26;B738;0;1
NAVEGANTES;10/09/2026;11/09/2026;3;T3;PRINCIPAL;GLO;1230;1231;;;1400;380;5;VOO;0;PROGRAMACAO SET26;B738;0;1
NAVEGANTES;11/09/2026;11/09/2026;5;T5;PRINCIPAL;AZU;4910;2704;;;430;475;3;VOO;0;PROGRAMACAO SET26;E295;0;1
NAVEGANTES;11/09/2026;11/09/2026;6;T6;PRINCIPAL;TAM;3988;3989;;;480;520;1;VOO;0;PROGRAMACAO SET26;A320;0;1
NAVEGANTES;11/09/2026;11/09/2026;4;T4;PRINCIPAL;GLO;1212;1215;;;505;580;4;VOO;0;PROGRAMACAO SET26;B738;0;1
NAVEGANTES;11/09/2026;11/09/2026;3;T3;PRINCIPAL;GLO;1874;1851;;;540;580;5;VOO;0;PROGRAMACAO SET26;B738;0;1
NAVEGANTES;11/09/2026;11/09/2026;6;T6;PRINCIPAL;TAM;3404;3607;;;590;635;1;VOO;0;PROGRAMACAO SET26;A320;0;1
NAVEGANTES;11/09/2026;11/09/2026;4;T4;PRINCIPAL;GLO;1214;1217;;;600;705;4;VOO;0;PROGRAMACAO SET26;B738;0;1
NAVEGANTES;11/09/2026;11/09/2026;3;T3;PRINCIPAL;GLO;1224;1225;;;640;685;5;VOO;0;PROGRAMACAO SET26;B738;0;1
NAVEGANTES;11/09/2026;11/09/2026;6;T6;PRINCIPAL;TAM;3144;3145;;;655;695;1;VOO;0;PROGRAMACAO SET26;A319;0;1
NAVEGANTES;11/09/2026;11/09/2026;2;T2;PRINCIPAL;AZU;4165;4170;;;660;700;3;VOO;0;PROGRAMACAO SET26;E295;0;1
NAVEGANTES;11/09/2026;11/09/2026;6;T6;PRINCIPAL;TAM;3272;3273;;;835;875;1;VOO;0;PROGRAMACAO SET26;A320;0;1
NAVEGANTES;11/09/2026;11/09/2026;5;T5;PRINCIPAL;AZU;4558;4630;;;910;950;3;VOO;0;PROGRAMACAO SET26;E295;0;1
NAVEGANTES;11/09/2026;11/09/2026;4;T4;PRINCIPAL;GLO;2165;2187;;;935;975;4;VOO;0;PROGRAMACAO SET26;B38M;0;1
NAVEGANTES;11/09/2026;11/09/2026;3;T3;PRINCIPAL;GLO;1216;1219;;;940;990;5;VOO;0;PROGRAMACAO SET26;B738;0;1
NAVEGANTES;11/09/2026;11/09/2026;6;T6;PRINCIPAL;TAM;3142;3143;;;985;1045;1;VOO;0;PROGRAMACAO SET26;A320;0;1
NAVEGANTES;11/09/2026;11/09/2026;6;T6;PRINCIPAL;TAM;3778;3779;;;1055;1100;1;VOO;0;PROGRAMACAO SET26;A320;0;1
NAVEGANTES;11/09/2026;11/09/2026;4;T4;PRINCIPAL;GLO;1218;1221;;;1085;1135;4;VOO;0;PROGRAMACAO SET26;B738;0;1
NAVEGANTES;11/09/2026;11/09/2026;3;T3;PRINCIPAL;GLO;1228;1229;;;1105;1150;5;VOO;0;PROGRAMACAO SET26;B738;0;1
NAVEGANTES;11/09/2026;11/09/2026;5;T5;PRINCIPAL;GLO;1854;1855;;;1115;1165;1;VOO;0;PROGRAMACAO SET26;B738;0;1
NAVEGANTES;11/09/2026;11/09/2026;2;T2;PRINCIPAL;AZU;4958;2861;;;1140;1185;3;VOO;0;PROGRAMACAO SET26;E295;0;1
NAVEGANTES;11/09/2026;11/09/2026;4;T4;PRINCIPAL;TAM;3408;3411;;;1145;1195;2;VOO;0;PROGRAMACAO SET26;A320;0;1
NAVEGANTES;11/09/2026;11/09/2026;6;T6;PRINCIPAL;TAM;3140;3141;;;1180;1220;1;VOO;0;PROGRAMACAO SET26;A320;0;1
NAVEGANTES;11/09/2026;12/09/2026;4;T4;PRINCIPAL;GLO;1856;1857;;;1370;370;4;VOO;0;PROGRAMACAO SET26;B738;0;1
NAVEGANTES;11/09/2026;12/09/2026;3;T3;PRINCIPAL;GLO;1230;1231;;;1400;390;5;VOO;0;PROGRAMACAO SET26;B738;0;1
NAVEGANTES;11/09/2026;12/09/2026;6;T6;PRINCIPAL;TAM;3304;3305;;;1405;320;1;VOO;0;PROGRAMACAO SET26;A320;0;1
NAVEGANTES;12/09/2026;12/09/2026;5;T5;PRINCIPAL;AZU;4910;2704;;;430;475;3;VOO;0;PROGRAMACAO SET26;E295;0;1
NAVEGANTES;12/09/2026;12/09/2026;4;T4;PRINCIPAL;TAM;3772;3989;;;435;485;1;VOO;0;PROGRAMACAO SET26;A320;0;1
NAVEGANTES;12/09/2026;12/09/2026;4;T4;PRINCIPAL;GLO;1874;1851;;;540;580;4;VOO;0;PROGRAMACAO SET26;B738;0;1
NAVEGANTES;12/09/2026;12/09/2026;6;T6;PRINCIPAL;TAM;3404;3607;;;585;630;1;VOO;0;PROGRAMACAO SET26;A320;0;1
NAVEGANTES;12/09/2026;12/09/2026;4;T4;PRINCIPAL;GLO;1214;1217;;;615;665;4;VOO;0;PROGRAMACAO SET26;B738;0;1
NAVEGANTES;12/09/2026;12/09/2026;3;T3;PRINCIPAL;TAM;3144;3145;;;620;670;2;VOO;0;PROGRAMACAO SET26;A319;0;1
NAVEGANTES;12/09/2026;12/09/2026;5;T5;PRINCIPAL;GLO;1224;1225;;;635;675;5;VOO;0;PROGRAMACAO SET26;B738;0;1
NAVEGANTES;12/09/2026;12/09/2026;2;T2;PRINCIPAL;AZU;4165;4170;;;660;700;3;VOO;0;PROGRAMACAO SET26;E295;0;1
NAVEGANTES;12/09/2026;12/09/2026;6;T6;PRINCIPAL;TAM;4608;4609;;;825;865;1;VOO;0;PROGRAMACAO SET26;A320;0;1
NAVEGANTES;12/09/2026;12/09/2026;5;T5;PRINCIPAL;AZU;4558;4630;;;910;950;3;VOO;0;PROGRAMACAO SET26;E295;0;1
NAVEGANTES;12/09/2026;12/09/2026;4;T4;PRINCIPAL;GLO;1470;1471;;;925;975;4;VOO;0;PROGRAMACAO SET26;B738;0;1
NAVEGANTES;12/09/2026;12/09/2026;3;T3;PRINCIPAL;GLO;1216;1219;;;940;985;5;VOO;0;PROGRAMACAO SET26;B738;0;1
NAVEGANTES;12/09/2026;12/09/2026;6;T6;PRINCIPAL;TAM;3988;3143;;;1000;1050;1;VOO;0;PROGRAMACAO SET26;A320;0;1
NAVEGANTES;12/09/2026;12/09/2026;4;T4;PRINCIPAL;GLO;1218;1855;;;1080;1155;4;VOO;0;PROGRAMACAO SET26;B738;0;1
NAVEGANTES;12/09/2026;13/09/2026;3;T3;PRINCIPAL;GLO;1854;1857;;;1115;370;5;VOO;0;PROGRAMACAO SET26;B738;0;1
NAVEGANTES;12/09/2026;12/09/2026;5;T5;PRINCIPAL;AZU;4958;2861;;;1140;1185;3;VOO;0;PROGRAMACAO SET26;E295;0;1
NAVEGANTES;12/09/2026;12/09/2026;2;T2;PRINCIPAL;TAM;3408;3411;;;1145;1195;1;VOO;0;PROGRAMACAO SET26;A320;0;1
NAVEGANTES;12/09/2026;13/09/2026;4;T4;PRINCIPAL;GLO;1856;1231;;;1390;375;4;VOO;0;PROGRAMACAO SET26;B738;0;1
NAVEGANTES;12/09/2026;13/09/2026;5;T5;PRINCIPAL;GLO;1230;1213;;;1400;475;1;VOO;0;PROGRAMACAO SET26;B738;0;1
NAVEGANTES;12/09/2026;13/09/2026;2;T2;PRINCIPAL;TAM;3304;3305;;;1405;310;2;VOO;0;PROGRAMACAO SET26;A320;0;1
NAVEGANTES;13/09/2026;13/09/2026;3;T3;PRINCIPAL;AZU;4910;2704;;;440;480;3;VOO;0;PROGRAMACAO SET26;E295;0;1
NAVEGANTES;13/09/2026;13/09/2026;4;T4;PRINCIPAL;GLO;9110;9111;;;455;495;4;VOO;0;PROGRAMACAO SET26;B738;0;1
NAVEGANTES;13/09/2026;13/09/2026;4;T4;PRINCIPAL;GLO;1874;1851;;;540;580;4;VOO;0;PROGRAMACAO SET26;B738;0;1
NAVEGANTES;13/09/2026;13/09/2026;6;T6;PRINCIPAL;TAM;3136;3989;;;565;610;1;VOO;0;PROGRAMACAO SET26;A319;0;1
NAVEGANTES;13/09/2026;13/09/2026;4;T4;PRINCIPAL;TAM;3404;3607;;;585;640;2;VOO;0;PROGRAMACAO SET26;A320;0;1
NAVEGANTES;13/09/2026;13/09/2026;3;T3;PRINCIPAL;GLO;1214;1217;;;600;685;4;VOO;0;PROGRAMACAO SET26;B738;0;1
NAVEGANTES;13/09/2026;13/09/2026;5;T5;PRINCIPAL;GLO;1224;1225;;;625;675;5;VOO;0;PROGRAMACAO SET26;B738;0;1
NAVEGANTES;13/09/2026;13/09/2026;2;T2;PRINCIPAL;AZU;4165;2597;;;660;700;3;VOO;0;PROGRAMACAO SET26;E295;0;1
NAVEGANTES;13/09/2026;13/09/2026;26;T6C;PRINCIPAL;ABS;8451;8451;;;700;770;;VOO;0;PROGRAMACAO SET26;B763;1;1
NAVEGANTES;13/09/2026;13/09/2026;6;T6;PRINCIPAL;TAM;3272;3273;;;780;820;1;VOO;0;PROGRAMACAO SET26;A320;0;1
NAVEGANTES;13/09/2026;13/09/2026;6;T6;PRINCIPAL;TAM;4608;4609;;;825;865;1;VOO;0;PROGRAMACAO SET26;A320;0;1
NAVEGANTES;13/09/2026;13/09/2026;4;T4;PRINCIPAL;GLO;1216;1219;;;875;955;4;VOO;0;PROGRAMACAO SET26;B738;0;1
NAVEGANTES;13/09/2026;13/09/2026;5;T5;PRINCIPAL;AZU;2595;4630;;;930;970;3;VOO;0;PROGRAMACAO SET26;E295;0;1
NAVEGANTES;13/09/2026;13/09/2026;3;T3;PRINCIPAL;GLO;2165;2187;;;935;975;5;VOO;0;PROGRAMACAO SET26;B38M;0;1
NAVEGANTES;13/09/2026;13/09/2026;6;T6;PRINCIPAL;TAM;3138;3143;;;980;1030;1;VOO;0;PROGRAMACAO SET26;A320;0;1
NAVEGANTES;13/09/2026;13/09/2026;4;T4;PRINCIPAL;GLO;1218;1221;;;1055;1120;4;VOO;0;PROGRAMACAO SET26;B738;0;1
NAVEGANTES;13/09/2026;13/09/2026;3;T3;PRINCIPAL;GLO;1854;1855;;;1115;1165;5;VOO;0;PROGRAMACAO SET26;B738;0;1
NAVEGANTES;13/09/2026;13/09/2026;4;T4;PRINCIPAL;GLO;1228;1229;;;1135;1175;4;VOO;0;PROGRAMACAO SET26;B738;0;1
NAVEGANTES;13/09/2026;13/09/2026;5;T5;PRINCIPAL;AZU;4958;2861;;;1140;1185;3;VOO;0;PROGRAMACAO SET26;E295;0;1
NAVEGANTES;13/09/2026;13/09/2026;2;T2;PRINCIPAL;TAM;3408;3411;;;1145;1195;1;VOO;0;PROGRAMACAO SET26;A320;0;1
NAVEGANTES;13/09/2026;13/09/2026;6;T6;PRINCIPAL;TAM;3696;3141;;;1200;1240;1;VOO;0;PROGRAMACAO SET26;A320;0;1
NAVEGANTES;13/09/2026;14/09/2026;4;T4;PRINCIPAL;GLO;1856;1857;;;1370;370;4;VOO;0;PROGRAMACAO SET26;B738;0;1
NAVEGANTES;13/09/2026;14/09/2026;3;T3;PRINCIPAL;GLO;1230;1231;;;1400;380;5;VOO;0;PROGRAMACAO SET26;B738;0;1
NAVEGANTES;13/09/2026;14/09/2026;6;T6;PRINCIPAL;TAM;3304;3305;;;1405;310;1;VOO;0;PROGRAMACAO SET26;A320;0;1
NAVEGANTES;14/09/2026;14/09/2026;5;T5;PRINCIPAL;AZU;4910;2704;;;430;475;3;VOO;0;PROGRAMACAO SET26;E295;0;1
NAVEGANTES;14/09/2026;14/09/2026;6;T6;PRINCIPAL;TAM;3988;3989;;;480;520;1;VOO;0;PROGRAMACAO SET26;A320;0;1
NAVEGANTES;14/09/2026;14/09/2026;4;T4;PRINCIPAL;GLO;1212;1215;;;505;580;4;VOO;0;PROGRAMACAO SET26;B738;0;1
NAVEGANTES;14/09/2026;14/09/2026;3;T3;PRINCIPAL;GLO;1874;1851;;;540;580;5;VOO;0;PROGRAMACAO SET26;B738;0;1
NAVEGANTES;14/09/2026;14/09/2026;6;T6;PRINCIPAL;TAM;3404;3607;;;585;630;1;VOO;0;PROGRAMACAO SET26;A320;0;1
NAVEGANTES;14/09/2026;14/09/2026;4;T4;PRINCIPAL;GLO;1214;1217;;;600;705;4;VOO;0;PROGRAMACAO SET26;B738;0;1
NAVEGANTES;14/09/2026;14/09/2026;3;T3;PRINCIPAL;GLO;1224;1225;;;640;685;5;VOO;0;PROGRAMACAO SET26;B738;0;1
NAVEGANTES;14/09/2026;14/09/2026;6;T6;PRINCIPAL;TAM;3144;3145;;;655;695;1;VOO;0;PROGRAMACAO SET26;A319;0;1
NAVEGANTES;14/09/2026;14/09/2026;2;T2;PRINCIPAL;AZU;4165;4170;;;660;700;3;VOO;0;PROGRAMACAO SET26;E295;0;1
NAVEGANTES;14/09/2026;14/09/2026;6;T6;PRINCIPAL;TAM;3272;3273;;;835;875;1;VOO;0;PROGRAMACAO SET26;A320;0;1
NAVEGANTES;14/09/2026;14/09/2026;5;T5;PRINCIPAL;AZU;4558;4630;;;910;950;3;VOO;0;PROGRAMACAO SET26;E295;0;1
NAVEGANTES;14/09/2026;14/09/2026;4;T4;PRINCIPAL;GLO;1470;1471;;;925;975;4;VOO;0;PROGRAMACAO SET26;B738;0;1
NAVEGANTES;14/09/2026;14/09/2026;3;T3;PRINCIPAL;GLO;1216;1219;;;940;990;5;VOO;0;PROGRAMACAO SET26;B738;0;1
NAVEGANTES;14/09/2026;14/09/2026;6;T6;PRINCIPAL;TAM;3142;3143;;;985;1045;1;VOO;0;PROGRAMACAO SET26;A320;0;1
NAVEGANTES;14/09/2026;14/09/2026;6;T6;PRINCIPAL;TAM;3778;3779;;;1055;1100;1;VOO;0;PROGRAMACAO SET26;A320;0;1
NAVEGANTES;14/09/2026;14/09/2026;4;T4;PRINCIPAL;GLO;1218;1221;;;1085;1135;4;VOO;0;PROGRAMACAO SET26;B738;0;1
NAVEGANTES;14/09/2026;14/09/2026;3;T3;PRINCIPAL;GLO;1228;1229;;;1105;1150;5;VOO;0;PROGRAMACAO SET26;B738;0;1
NAVEGANTES;14/09/2026;14/09/2026;5;T5;PRINCIPAL;GLO;1854;1855;;;1115;1215;1;VOO;0;PROGRAMACAO SET26;B738;0;1
NAVEGANTES;14/09/2026;14/09/2026;2;T2;PRINCIPAL;AZU;4958;2861;;;1145;1185;3;VOO;0;PROGRAMACAO SET26;E295;0;1
NAVEGANTES;14/09/2026;14/09/2026;4;T4;PRINCIPAL;TAM;3408;3411;;;1155;1195;2;VOO;0;PROGRAMACAO SET26;A320;0;1
NAVEGANTES;14/09/2026;14/09/2026;3;T3;PRINCIPAL;TAM;3140;3141;;;1180;1220;5;VOO;0;PROGRAMACAO SET26;A320;0;1
NAVEGANTES;14/09/2026;15/09/2026;4;T4;PRINCIPAL;GLO;1856;1857;;;1390;370;4;VOO;0;PROGRAMACAO SET26;B738;0;1
NAVEGANTES;14/09/2026;15/09/2026;3;T3;PRINCIPAL;GLO;1230;1231;;;1400;380;5;VOO;0;PROGRAMACAO SET26;B738;0;1
NAVEGANTES;14/09/2026;15/09/2026;6;T6;PRINCIPAL;TAM;3304;3305;;;1405;310;1;VOO;0;PROGRAMACAO SET26;A320;0;1
NAVEGANTES;15/09/2026;15/09/2026;5;T5;PRINCIPAL;AZU;4910;2704;;;430;475;3;VOO;0;PROGRAMACAO SET26;E295;0;1
NAVEGANTES;15/09/2026;15/09/2026;6;T6;PRINCIPAL;TAM;3988;3989;;;480;520;1;VOO;0;PROGRAMACAO SET26;A320;0;1
NAVEGANTES;15/09/2026;15/09/2026;4;T4;PRINCIPAL;GLO;1212;1215;;;505;580;4;VOO;0;PROGRAMACAO SET26;B738;0;1
NAVEGANTES;15/09/2026;15/09/2026;3;T3;PRINCIPAL;GLO;1874;1851;;;540;580;5;VOO;0;PROGRAMACAO SET26;B738;0;1
NAVEGANTES;15/09/2026;15/09/2026;6;T6;PRINCIPAL;TAM;3404;3607;;;590;635;1;VOO;0;PROGRAMACAO SET26;A320;0;1
NAVEGANTES;15/09/2026;15/09/2026;4;T4;PRINCIPAL;GLO;1214;1217;;;600;705;4;VOO;0;PROGRAMACAO SET26;B738;0;1
NAVEGANTES;15/09/2026;15/09/2026;3;T3;PRINCIPAL;GLO;1224;1225;;;640;685;5;VOO;0;PROGRAMACAO SET26;B738;0;1
NAVEGANTES;15/09/2026;15/09/2026;6;T6;PRINCIPAL;TAM;3144;3145;;;655;695;1;VOO;0;PROGRAMACAO SET26;A319;0;1
NAVEGANTES;15/09/2026;15/09/2026;2;T2;PRINCIPAL;AZU;4165;4170;;;660;700;3;VOO;0;PROGRAMACAO SET26;E295;0;1
NAVEGANTES;15/09/2026;15/09/2026;6;T6;PRINCIPAL;TAM;3272;3273;;;835;875;1;VOO;0;PROGRAMACAO SET26;A320;0;1
NAVEGANTES;15/09/2026;15/09/2026;5;T5;PRINCIPAL;AZU;4558;4630;;;910;950;3;VOO;0;PROGRAMACAO SET26;E295;0;1
NAVEGANTES;15/09/2026;15/09/2026;4;T4;PRINCIPAL;GLO;2165;1471;;;935;975;4;VOO;0;PROGRAMACAO SET26;B38M;0;1
NAVEGANTES;15/09/2026;15/09/2026;3;T3;PRINCIPAL;GLO;1216;1219;;;940;990;5;VOO;0;PROGRAMACAO SET26;B738;0;1
NAVEGANTES;15/09/2026;15/09/2026;6;T6;PRINCIPAL;TAM;3142;3143;;;985;1045;1;VOO;0;PROGRAMACAO SET26;A320;0;1
NAVEGANTES;15/09/2026;15/09/2026;6;T6;PRINCIPAL;TAM;3778;3779;;;1055;1100;1;VOO;0;PROGRAMACAO SET26;A320;0;1
NAVEGANTES;15/09/2026;15/09/2026;4;T4;PRINCIPAL;GLO;1218;1221;;;1085;1135;4;VOO;0;PROGRAMACAO SET26;B738;0;1
NAVEGANTES;15/09/2026;15/09/2026;3;T3;PRINCIPAL;GLO;1228;1229;;;1105;1150;5;VOO;0;PROGRAMACAO SET26;B738;0;1
NAVEGANTES;15/09/2026;15/09/2026;5;T5;PRINCIPAL;GLO;1854;1855;;;1115;1215;1;VOO;0;PROGRAMACAO SET26;B738;0;1
NAVEGANTES;15/09/2026;15/09/2026;2;T2;PRINCIPAL;AZU;4958;2861;;;1140;1185;3;VOO;0;PROGRAMACAO SET26;E295;0;1
NAVEGANTES;15/09/2026;15/09/2026;4;T4;PRINCIPAL;TAM;3140;3141;;;1180;1220;2;VOO;0;PROGRAMACAO SET26;A319;0;1
NAVEGANTES;15/09/2026;16/09/2026;4;T4;PRINCIPAL;GLO;1856;1857;;;1390;370;4;VOO;0;PROGRAMACAO SET26;B738;0;1
NAVEGANTES;15/09/2026;16/09/2026;3;T3;PRINCIPAL;GLO;1230;1231;;;1400;380;5;VOO;0;PROGRAMACAO SET26;B738;0;1
NAVEGANTES;15/09/2026;16/09/2026;6;T6;PRINCIPAL;TAM;3304;3305;;;1405;310;1;VOO;0;PROGRAMACAO SET26;A320;0;1
NAVEGANTES;16/09/2026;16/09/2026;5;T5;PRINCIPAL;AZU;4910;2704;;;430;475;3;VOO;0;PROGRAMACAO SET26;E295;0;1
NAVEGANTES;16/09/2026;16/09/2026;6;T6;PRINCIPAL;TAM;3988;3989;;;480;520;1;VOO;0;PROGRAMACAO SET26;A320;0;1
NAVEGANTES;16/09/2026;16/09/2026;4;T4;PRINCIPAL;GLO;1212;1215;;;505;580;4;VOO;0;PROGRAMACAO SET26;B738;0;1
NAVEGANTES;16/09/2026;16/09/2026;3;T3;PRINCIPAL;GLO;1874;1851;;;540;580;5;VOO;0;PROGRAMACAO SET26;B738;0;1
NAVEGANTES;16/09/2026;16/09/2026;4;T4;PRINCIPAL;GLO;1214;1217;;;600;705;4;VOO;0;PROGRAMACAO SET26;B738;0;1
NAVEGANTES;16/09/2026;16/09/2026;6;T6;PRINCIPAL;TAM;3404;3607;;;605;645;1;VOO;0;PROGRAMACAO SET26;A320;0;1
NAVEGANTES;16/09/2026;16/09/2026;3;T3;PRINCIPAL;GLO;1224;1225;;;640;685;5;VOO;0;PROGRAMACAO SET26;B738;0;1
NAVEGANTES;16/09/2026;16/09/2026;6;T6;PRINCIPAL;TAM;3144;3145;;;655;695;1;VOO;0;PROGRAMACAO SET26;A319;0;1
NAVEGANTES;16/09/2026;16/09/2026;2;T2;PRINCIPAL;AZU;4165;2597;;;660;700;3;VOO;0;PROGRAMACAO SET26;E295;0;1
NAVEGANTES;16/09/2026;16/09/2026;6;T6;PRINCIPAL;TAM;3272;3273;;;835;875;1;VOO;0;PROGRAMACAO SET26;A320;0;1
NAVEGANTES;16/09/2026;16/09/2026;5;T5;PRINCIPAL;AZU;2595;4630;;;910;950;3;VOO;0;PROGRAMACAO SET26;E295;0;1
NAVEGANTES;16/09/2026;16/09/2026;4;T4;PRINCIPAL;GLO;1470;2187;;;925;975;4;VOO;0;PROGRAMACAO SET26;B738;0;1
NAVEGANTES;16/09/2026;16/09/2026;3;T3;PRINCIPAL;GLO;1216;1219;;;940;990;5;VOO;0;PROGRAMACAO SET26;B738;0;1
NAVEGANTES;16/09/2026;16/09/2026;6;T6;PRINCIPAL;TAM;3142;3143;;;985;1045;1;VOO;0;PROGRAMACAO SET26;A320;0;1
NAVEGANTES;16/09/2026;16/09/2026;6;T6;PRINCIPAL;TAM;3778;3779;;;1055;1100;1;VOO;0;PROGRAMACAO SET26;A320;0;1
NAVEGANTES;16/09/2026;16/09/2026;4;T4;PRINCIPAL;GLO;1218;1221;;;1085;1135;4;VOO;0;PROGRAMACAO SET26;B738;0;1
NAVEGANTES;16/09/2026;16/09/2026;3;T3;PRINCIPAL;GLO;1228;1229;;;1105;1150;5;VOO;0;PROGRAMACAO SET26;B738;0;1
NAVEGANTES;16/09/2026;16/09/2026;5;T5;PRINCIPAL;GLO;1854;1855;;;1115;1165;1;VOO;0;PROGRAMACAO SET26;B738;0;1
NAVEGANTES;16/09/2026;16/09/2026;2;T2;PRINCIPAL;AZU;4958;2861;;;1140;1185;3;VOO;0;PROGRAMACAO SET26;E295;0;1
NAVEGANTES;16/09/2026;16/09/2026;4;T4;PRINCIPAL;TAM;3408;3411;;;1145;1195;2;VOO;0;PROGRAMACAO SET26;A320;0;1
NAVEGANTES;16/09/2026;16/09/2026;6;T6;PRINCIPAL;TAM;3140;3141;;;1180;1220;1;VOO;0;PROGRAMACAO SET26;A320;0;1
NAVEGANTES;16/09/2026;17/09/2026;4;T4;PRINCIPAL;GLO;1856;1857;;;1370;370;4;VOO;0;PROGRAMACAO SET26;B738;0;1
NAVEGANTES;16/09/2026;17/09/2026;3;T3;PRINCIPAL;GLO;1230;1231;;;1400;375;5;VOO;0;PROGRAMACAO SET26;B738;0;1
NAVEGANTES;16/09/2026;17/09/2026;6;T6;PRINCIPAL;TAM;3304;3305;;;1405;310;1;VOO;0;PROGRAMACAO SET26;A320;0;1
NAVEGANTES;17/09/2026;17/09/2026;5;T5;PRINCIPAL;AZU;4910;2704;;;430;475;3;VOO;0;PROGRAMACAO SET26;E295;0;1
NAVEGANTES;17/09/2026;17/09/2026;6;T6;PRINCIPAL;TAM;3988;3989;;;480;520;1;VOO;0;PROGRAMACAO SET26;A320;0;1
NAVEGANTES;17/09/2026;17/09/2026;4;T4;PRINCIPAL;GLO;1212;1215;;;505;580;4;VOO;0;PROGRAMACAO SET26;B738;0;1
NAVEGANTES;17/09/2026;17/09/2026;3;T3;PRINCIPAL;GLO;1874;1851;;;540;580;5;VOO;0;PROGRAMACAO SET26;B738;0;1
NAVEGANTES;17/09/2026;17/09/2026;4;T4;PRINCIPAL;GLO;1214;1217;;;600;705;4;VOO;0;PROGRAMACAO SET26;B738;0;1
NAVEGANTES;17/09/2026;17/09/2026;6;T6;PRINCIPAL;TAM;3404;3607;;;605;645;1;VOO;0;PROGRAMACAO SET26;A320;0;1
NAVEGANTES;17/09/2026;17/09/2026;3;T3;PRINCIPAL;GLO;1224;1225;;;640;685;5;VOO;0;PROGRAMACAO SET26;B738;0;1
NAVEGANTES;17/09/2026;17/09/2026;6;T6;PRINCIPAL;TAM;3144;3145;;;655;695;1;VOO;0;PROGRAMACAO SET26;A319;0;1
NAVEGANTES;17/09/2026;17/09/2026;2;T2;PRINCIPAL;AZU;4165;4170;;;660;700;3;VOO;0;PROGRAMACAO SET26;E295;0;1
NAVEGANTES;17/09/2026;17/09/2026;6;T6;PRINCIPAL;TAM;3272;3273;;;835;875;1;VOO;0;PROGRAMACAO SET26;A320;0;1
NAVEGANTES;17/09/2026;17/09/2026;6;T6;PRINCIPAL;TAM;9006;9007;;;905;955;1;VOO;0;PROGRAMACAO SET26;A320;0;1
NAVEGANTES;17/09/2026;17/09/2026;3;T3;PRINCIPAL;AZU;4558;4630;;;910;950;3;VOO;0;PROGRAMACAO SET26;E295;0;1
NAVEGANTES;17/09/2026;17/09/2026;4;T4;PRINCIPAL;GLO;1470;1471;;;925;975;4;VOO;0;PROGRAMACAO SET26;B738;0;1
NAVEGANTES;17/09/2026;17/09/2026;2;T2;PRINCIPAL;GLO;1216;1219;;;940;990;5;VOO;0;PROGRAMACAO SET26;B738;0;1
NAVEGANTES;17/09/2026;17/09/2026;6;T6;PRINCIPAL;TAM;3142;3143;;;985;1045;1;VOO;0;PROGRAMACAO SET26;A320;0;1
NAVEGANTES;17/09/2026;17/09/2026;6;T6;PRINCIPAL;TAM;3778;3779;;;1055;1100;1;VOO;0;PROGRAMACAO SET26;A320;0;1
NAVEGANTES;17/09/2026;17/09/2026;4;T4;PRINCIPAL;GLO;1218;1221;;;1085;1135;4;VOO;0;PROGRAMACAO SET26;B738;0;1
NAVEGANTES;17/09/2026;17/09/2026;3;T3;PRINCIPAL;GLO;1228;1229;;;1105;1150;5;VOO;0;PROGRAMACAO SET26;B738;0;1
NAVEGANTES;17/09/2026;17/09/2026;5;T5;PRINCIPAL;GLO;1854;1855;;;1115;1215;1;VOO;0;PROGRAMACAO SET26;B738;0;1
NAVEGANTES;17/09/2026;17/09/2026;2;T2;PRINCIPAL;AZU;4958;2861;;;1140;1185;3;VOO;0;PROGRAMACAO SET26;E295;0;1
NAVEGANTES;17/09/2026;17/09/2026;4;T4;PRINCIPAL;TAM;3408;3411;;;1145;1195;2;VOO;0;PROGRAMACAO SET26;A320;0;1
NAVEGANTES;17/09/2026;17/09/2026;3;T3;PRINCIPAL;TAM;3140;3141;;;1180;1220;5;VOO;0;PROGRAMACAO SET26;A320;0;1
NAVEGANTES;17/09/2026;18/09/2026;6;T6;PRINCIPAL;TAM;3304;3305;;;1370;310;1;VOO;0;PROGRAMACAO SET26;A320;0;1
NAVEGANTES;17/09/2026;18/09/2026;4;T4;PRINCIPAL;GLO;1856;1857;;;1390;370;4;VOO;0;PROGRAMACAO SET26;B738;0;1
NAVEGANTES;17/09/2026;18/09/2026;3;T3;PRINCIPAL;GLO;1230;1231;;;1400;380;5;VOO;0;PROGRAMACAO SET26;B738;0;1
NAVEGANTES;18/09/2026;18/09/2026;5;T5;PRINCIPAL;AZU;4910;2704;;;430;475;3;VOO;0;PROGRAMACAO SET26;E295;0;1
NAVEGANTES;18/09/2026;18/09/2026;6;T6;PRINCIPAL;TAM;3988;3989;;;480;520;1;VOO;0;PROGRAMACAO SET26;A320;0;1
NAVEGANTES;18/09/2026;18/09/2026;4;T4;PRINCIPAL;GLO;1212;1215;;;505;580;4;VOO;0;PROGRAMACAO SET26;B738;0;1
NAVEGANTES;18/09/2026;18/09/2026;3;T3;PRINCIPAL;GLO;1874;1851;;;540;580;5;VOO;0;PROGRAMACAO SET26;B738;0;1
NAVEGANTES;18/09/2026;18/09/2026;6;T6;PRINCIPAL;TAM;3404;3607;;;590;635;1;VOO;0;PROGRAMACAO SET26;A320;0;1
NAVEGANTES;18/09/2026;18/09/2026;4;T4;PRINCIPAL;GLO;1214;1217;;;600;705;4;VOO;0;PROGRAMACAO SET26;B738;0;1
NAVEGANTES;18/09/2026;18/09/2026;3;T3;PRINCIPAL;GLO;1224;1225;;;640;685;5;VOO;0;PROGRAMACAO SET26;B738;0;1
NAVEGANTES;18/09/2026;18/09/2026;6;T6;PRINCIPAL;TAM;3144;3145;;;655;695;1;VOO;0;PROGRAMACAO SET26;A319;0;1
NAVEGANTES;18/09/2026;18/09/2026;2;T2;PRINCIPAL;AZU;4165;4170;;;660;700;3;VOO;0;PROGRAMACAO SET26;E295;0;1
NAVEGANTES;18/09/2026;18/09/2026;6;T6;PRINCIPAL;TAM;3272;3273;;;835;875;1;VOO;0;PROGRAMACAO SET26;A320;0;1
NAVEGANTES;18/09/2026;18/09/2026;5;T5;PRINCIPAL;AZU;4558;4630;;;910;950;3;VOO;0;PROGRAMACAO SET26;E295;0;1
NAVEGANTES;18/09/2026;18/09/2026;4;T4;PRINCIPAL;GLO;2165;2187;;;935;975;4;VOO;0;PROGRAMACAO SET26;B38M;0;1
NAVEGANTES;18/09/2026;18/09/2026;3;T3;PRINCIPAL;GLO;1216;1219;;;940;990;5;VOO;0;PROGRAMACAO SET26;B738;0;1
NAVEGANTES;18/09/2026;18/09/2026;6;T6;PRINCIPAL;TAM;3142;3143;;;985;1045;1;VOO;0;PROGRAMACAO SET26;A320;0;1
NAVEGANTES;18/09/2026;18/09/2026;6;T6;PRINCIPAL;TAM;3778;3779;;;1060;1100;1;VOO;0;PROGRAMACAO SET26;A320;0;1
NAVEGANTES;18/09/2026;18/09/2026;4;T4;PRINCIPAL;GLO;1218;1221;;;1085;1135;4;VOO;0;PROGRAMACAO SET26;B738;0;1
NAVEGANTES;18/09/2026;18/09/2026;3;T3;PRINCIPAL;GLO;1228;1229;;;1105;1150;5;VOO;0;PROGRAMACAO SET26;B738;0;1
NAVEGANTES;18/09/2026;18/09/2026;5;T5;PRINCIPAL;GLO;1854;1855;;;1115;1165;1;VOO;0;PROGRAMACAO SET26;B738;0;1
NAVEGANTES;18/09/2026;18/09/2026;2;T2;PRINCIPAL;AZU;4958;2861;;;1140;1185;3;VOO;0;PROGRAMACAO SET26;E295;0;1
NAVEGANTES;18/09/2026;18/09/2026;4;T4;PRINCIPAL;TAM;3408;3411;;;1145;1195;2;VOO;0;PROGRAMACAO SET26;A320;0;1
NAVEGANTES;18/09/2026;18/09/2026;6;T6;PRINCIPAL;TAM;3140;3141;;;1180;1220;1;VOO;0;PROGRAMACAO SET26;A320;0;1
NAVEGANTES;18/09/2026;19/09/2026;4;T4;PRINCIPAL;GLO;1856;1857;;;1370;370;4;VOO;0;PROGRAMACAO SET26;B738;0;1
NAVEGANTES;18/09/2026;19/09/2026;3;T3;PRINCIPAL;GLO;1230;1231;;;1400;390;5;VOO;0;PROGRAMACAO SET26;B738;0;1
NAVEGANTES;18/09/2026;19/09/2026;6;T6;PRINCIPAL;TAM;3304;3305;;;1405;320;1;VOO;0;PROGRAMACAO SET26;A320;0;1
NAVEGANTES;19/09/2026;19/09/2026;5;T5;PRINCIPAL;AZU;4910;2704;;;430;475;3;VOO;0;PROGRAMACAO SET26;E295;0;1
NAVEGANTES;19/09/2026;19/09/2026;4;T4;PRINCIPAL;TAM;3772;3989;;;435;485;1;VOO;0;PROGRAMACAO SET26;A320;0;1
NAVEGANTES;19/09/2026;19/09/2026;4;T4;PRINCIPAL;GLO;1874;1851;;;540;580;4;VOO;0;PROGRAMACAO SET26;B738;0;1
NAVEGANTES;19/09/2026;19/09/2026;6;T6;PRINCIPAL;TAM;3404;3607;;;585;630;1;VOO;0;PROGRAMACAO SET26;A320;0;1
NAVEGANTES;19/09/2026;19/09/2026;4;T4;PRINCIPAL;GLO;1214;1217;;;605;665;4;VOO;0;PROGRAMACAO SET26;B738;0;1
NAVEGANTES;19/09/2026;19/09/2026;3;T3;PRINCIPAL;TAM;3144;3145;;;620;670;2;VOO;0;PROGRAMACAO SET26;A319;0;1
NAVEGANTES;19/09/2026;19/09/2026;5;T5;PRINCIPAL;GLO;1224;1225;;;635;675;5;VOO;0;PROGRAMACAO SET26;B738;0;1
NAVEGANTES;19/09/2026;19/09/2026;2;T2;PRINCIPAL;AZU;4165;4170;;;660;700;3;VOO;0;PROGRAMACAO SET26;E295;0;1
NAVEGANTES;19/09/2026;19/09/2026;6;T6;PRINCIPAL;TAM;4608;4609;;;825;865;1;VOO;0;PROGRAMACAO SET26;A319;0;1
NAVEGANTES;19/09/2026;19/09/2026;5;T5;PRINCIPAL;AZU;4558;4630;;;910;955;3;VOO;0;PROGRAMACAO SET26;E295;0;1
NAVEGANTES;19/09/2026;19/09/2026;4;T4;PRINCIPAL;GLO;1470;1471;;;925;975;4;VOO;0;PROGRAMACAO SET26;B738;0;1
NAVEGANTES;19/09/2026;19/09/2026;3;T3;PRINCIPAL;GLO;1216;1219;;;940;985;5;VOO;0;PROGRAMACAO SET26;B738;0;1
NAVEGANTES;19/09/2026;19/09/2026;6;T6;PRINCIPAL;TAM;3988;3143;;;1000;1050;1;VOO;0;PROGRAMACAO SET26;A320;0;1
NAVEGANTES;19/09/2026;19/09/2026;4;T4;PRINCIPAL;GLO;1218;1855;;;1080;1155;4;VOO;0;PROGRAMACAO SET26;B738;0;1
NAVEGANTES;19/09/2026;20/09/2026;3;T3;PRINCIPAL;GLO;1854;1857;;;1115;370;5;VOO;0;PROGRAMACAO SET26;B738;0;1
NAVEGANTES;19/09/2026;19/09/2026;5;T5;PRINCIPAL;AZU;4958;2861;;;1140;1185;3;VOO;0;PROGRAMACAO SET26;E295;0;1
NAVEGANTES;19/09/2026;19/09/2026;2;T2;PRINCIPAL;TAM;3408;3411;;;1145;1195;1;VOO;0;PROGRAMACAO SET26;A320;0;1
NAVEGANTES;19/09/2026;20/09/2026;4;T4;PRINCIPAL;GLO;1856;1231;;;1390;375;4;VOO;0;PROGRAMACAO SET26;B738;0;1
NAVEGANTES;19/09/2026;20/09/2026;5;T5;PRINCIPAL;GLO;1230;1213;;;1400;475;1;VOO;0;PROGRAMACAO SET26;B738;0;1
NAVEGANTES;19/09/2026;20/09/2026;2;T2;PRINCIPAL;TAM;3304;3305;;;1405;310;2;VOO;0;PROGRAMACAO SET26;A320;0;1
NAVEGANTES;20/09/2026;20/09/2026;3;T3;PRINCIPAL;AZU;4910;2704;;;440;480;3;VOO;0;PROGRAMACAO SET26;E295;0;1
NAVEGANTES;20/09/2026;20/09/2026;4;T4;PRINCIPAL;GLO;1874;1851;;;540;580;4;VOO;0;PROGRAMACAO SET26;B738;0;1
NAVEGANTES;20/09/2026;20/09/2026;6;T6;PRINCIPAL;TAM;3136;3989;;;565;610;1;VOO;0;PROGRAMACAO SET26;A320;0;1
NAVEGANTES;20/09/2026;20/09/2026;4;T4;PRINCIPAL;TAM;3404;3607;;;585;640;2;VOO;0;PROGRAMACAO SET26;A320;0;1
NAVEGANTES;20/09/2026;20/09/2026;3;T3;PRINCIPAL;GLO;1214;1217;;;600;685;4;VOO;0;PROGRAMACAO SET26;B738;0;1
NAVEGANTES;20/09/2026;20/09/2026;5;T5;PRINCIPAL;GLO;1224;1225;;;625;675;5;VOO;0;PROGRAMACAO SET26;B738;0;1
NAVEGANTES;20/09/2026;20/09/2026;2;T2;PRINCIPAL;AZU;4165;2597;;;660;700;3;VOO;0;PROGRAMACAO SET26;E295;0;1
NAVEGANTES;20/09/2026;20/09/2026;26;T6C;PRINCIPAL;ABS;8451;8451;;;700;770;;VOO;0;PROGRAMACAO SET26;B763;1;1
NAVEGANTES;20/09/2026;20/09/2026;6;T6;PRINCIPAL;TAM;3272;3273;;;780;820;1;VOO;0;PROGRAMACAO SET26;A320;0;1
NAVEGANTES;20/09/2026;20/09/2026;6;T6;PRINCIPAL;TAM;4608;4609;;;825;865;1;VOO;0;PROGRAMACAO SET26;A320;0;1
NAVEGANTES;20/09/2026;20/09/2026;4;T4;PRINCIPAL;GLO;1216;1219;;;875;955;4;VOO;0;PROGRAMACAO SET26;B738;0;1
NAVEGANTES;20/09/2026;20/09/2026;5;T5;PRINCIPAL;AZU;2595;4630;;;930;970;3;VOO;0;PROGRAMACAO SET26;E295;0;1
NAVEGANTES;20/09/2026;20/09/2026;3;T3;PRINCIPAL;GLO;2165;2187;;;935;975;5;VOO;0;PROGRAMACAO SET26;B38M;0;1
NAVEGANTES;20/09/2026;20/09/2026;6;T6;PRINCIPAL;TAM;3138;3143;;;980;1030;1;VOO;0;PROGRAMACAO SET26;A320;0;1
NAVEGANTES;20/09/2026;20/09/2026;4;T4;PRINCIPAL;GLO;1218;1221;;;1055;1120;4;VOO;0;PROGRAMACAO SET26;B738;0;1
NAVEGANTES;20/09/2026;20/09/2026;3;T3;PRINCIPAL;GLO;1854;1855;;;1115;1165;5;VOO;0;PROGRAMACAO SET26;B738;0;1
NAVEGANTES;20/09/2026;20/09/2026;4;T4;PRINCIPAL;GLO;1228;1229;;;1135;1175;4;VOO;0;PROGRAMACAO SET26;B738;0;1
NAVEGANTES;20/09/2026;20/09/2026;5;T5;PRINCIPAL;AZU;4958;2861;;;1140;1185;3;VOO;0;PROGRAMACAO SET26;E295;0;1
NAVEGANTES;20/09/2026;20/09/2026;2;T2;PRINCIPAL;TAM;3408;3411;;;1145;1195;1;VOO;0;PROGRAMACAO SET26;A320;0;1
NAVEGANTES;20/09/2026;20/09/2026;6;T6;PRINCIPAL;TAM;3696;3141;;;1200;1240;1;VOO;0;PROGRAMACAO SET26;A320;0;1
NAVEGANTES;20/09/2026;21/09/2026;4;T4;PRINCIPAL;GLO;1856;1857;;;1370;370;4;VOO;0;PROGRAMACAO SET26;B738;0;1
NAVEGANTES;20/09/2026;21/09/2026;3;T3;PRINCIPAL;GLO;1230;1231;;;1400;380;5;VOO;0;PROGRAMACAO SET26;B738;0;1
NAVEGANTES;20/09/2026;21/09/2026;6;T6;PRINCIPAL;TAM;3304;3305;;;1405;310;1;VOO;0;PROGRAMACAO SET26;A320;0;1
NAVEGANTES;21/09/2026;21/09/2026;5;T5;PRINCIPAL;AZU;4910;2704;;;430;475;3;VOO;0;PROGRAMACAO SET26;E295;0;1
NAVEGANTES;21/09/2026;21/09/2026;6;T6;PRINCIPAL;TAM;3988;3989;;;480;520;1;VOO;0;PROGRAMACAO SET26;A320;0;1
NAVEGANTES;21/09/2026;21/09/2026;4;T4;PRINCIPAL;GLO;1212;1215;;;505;580;4;VOO;0;PROGRAMACAO SET26;B738;0;1
NAVEGANTES;21/09/2026;21/09/2026;3;T3;PRINCIPAL;GLO;1874;1851;;;540;580;5;VOO;0;PROGRAMACAO SET26;B738;0;1
NAVEGANTES;21/09/2026;21/09/2026;6;T6;PRINCIPAL;TAM;3404;3607;;;585;630;1;VOO;0;PROGRAMACAO SET26;A320;0;1
NAVEGANTES;21/09/2026;21/09/2026;4;T4;PRINCIPAL;GLO;1214;1217;;;600;705;4;VOO;0;PROGRAMACAO SET26;B738;0;1
NAVEGANTES;21/09/2026;21/09/2026;3;T3;PRINCIPAL;GLO;1224;1225;;;640;685;5;VOO;0;PROGRAMACAO SET26;B738;0;1
NAVEGANTES;21/09/2026;21/09/2026;6;T6;PRINCIPAL;TAM;3144;3145;;;655;695;1;VOO;0;PROGRAMACAO SET26;A319;0;1
NAVEGANTES;21/09/2026;21/09/2026;2;T2;PRINCIPAL;AZU;4165;4170;;;660;700;3;VOO;0;PROGRAMACAO SET26;E295;0;1
NAVEGANTES;21/09/2026;21/09/2026;6;T6;PRINCIPAL;TAM;3272;3273;;;835;875;1;VOO;0;PROGRAMACAO SET26;A320;0;1
NAVEGANTES;21/09/2026;21/09/2026;5;T5;PRINCIPAL;AZU;4558;4630;;;910;950;3;VOO;0;PROGRAMACAO SET26;E295;0;1
NAVEGANTES;21/09/2026;21/09/2026;4;T4;PRINCIPAL;GLO;1470;1471;;;925;975;4;VOO;0;PROGRAMACAO SET26;B738;0;1
NAVEGANTES;21/09/2026;21/09/2026;3;T3;PRINCIPAL;GLO;1216;1219;;;940;990;5;VOO;0;PROGRAMACAO SET26;B738;0;1
NAVEGANTES;21/09/2026;21/09/2026;6;T6;PRINCIPAL;TAM;3142;3143;;;985;1045;1;VOO;0;PROGRAMACAO SET26;A320;0;1
NAVEGANTES;21/09/2026;21/09/2026;6;T6;PRINCIPAL;TAM;3778;3779;;;1055;1100;1;VOO;0;PROGRAMACAO SET26;A320;0;1
NAVEGANTES;21/09/2026;21/09/2026;4;T4;PRINCIPAL;GLO;1218;1221;;;1085;1135;4;VOO;0;PROGRAMACAO SET26;B738;0;1
NAVEGANTES;21/09/2026;21/09/2026;3;T3;PRINCIPAL;GLO;1228;1229;;;1105;1150;5;VOO;0;PROGRAMACAO SET26;B738;0;1
NAVEGANTES;21/09/2026;21/09/2026;5;T5;PRINCIPAL;GLO;1854;1855;;;1115;1215;1;VOO;0;PROGRAMACAO SET26;B738;0;1
NAVEGANTES;21/09/2026;21/09/2026;2;T2;PRINCIPAL;AZU;4958;2861;;;1140;1185;3;VOO;0;PROGRAMACAO SET26;E295;0;1
NAVEGANTES;21/09/2026;21/09/2026;4;T4;PRINCIPAL;TAM;3408;3411;;;1145;1195;2;VOO;0;PROGRAMACAO SET26;A320;0;1
NAVEGANTES;21/09/2026;21/09/2026;3;T3;PRINCIPAL;TAM;3140;3141;;;1180;1220;5;VOO;0;PROGRAMACAO SET26;A320;0;1
NAVEGANTES;21/09/2026;22/09/2026;4;T4;PRINCIPAL;GLO;1856;1857;;;1390;370;4;VOO;0;PROGRAMACAO SET26;B738;0;1
NAVEGANTES;21/09/2026;22/09/2026;3;T3;PRINCIPAL;GLO;1230;1231;;;1400;380;5;VOO;0;PROGRAMACAO SET26;B738;0;1
NAVEGANTES;21/09/2026;22/09/2026;6;T6;PRINCIPAL;TAM;3304;3305;;;1405;310;1;VOO;0;PROGRAMACAO SET26;A319;0;1
NAVEGANTES;22/09/2026;22/09/2026;5;T5;PRINCIPAL;AZU;4910;2704;;;430;475;3;VOO;0;PROGRAMACAO SET26;E295;0;1
NAVEGANTES;22/09/2026;22/09/2026;6;T6;PRINCIPAL;TAM;3988;3989;;;480;520;1;VOO;0;PROGRAMACAO SET26;A320;0;1
NAVEGANTES;22/09/2026;22/09/2026;4;T4;PRINCIPAL;GLO;1212;1215;;;505;580;4;VOO;0;PROGRAMACAO SET26;B738;0;1
NAVEGANTES;22/09/2026;22/09/2026;3;T3;PRINCIPAL;GLO;1874;1851;;;540;580;5;VOO;0;PROGRAMACAO SET26;B738;0;1
NAVEGANTES;22/09/2026;22/09/2026;6;T6;PRINCIPAL;TAM;3404;3607;;;590;635;1;VOO;0;PROGRAMACAO SET26;A320;0;1
NAVEGANTES;22/09/2026;22/09/2026;4;T4;PRINCIPAL;GLO;1214;1217;;;600;705;4;VOO;0;PROGRAMACAO SET26;B738;0;1
NAVEGANTES;22/09/2026;22/09/2026;3;T3;PRINCIPAL;GLO;1224;1225;;;640;685;5;VOO;0;PROGRAMACAO SET26;B738;0;1
NAVEGANTES;22/09/2026;22/09/2026;6;T6;PRINCIPAL;TAM;3144;3145;;;655;695;1;VOO;0;PROGRAMACAO SET26;A319;0;1
NAVEGANTES;22/09/2026;22/09/2026;2;T2;PRINCIPAL;AZU;4165;4170;;;660;700;3;VOO;0;PROGRAMACAO SET26;E295;0;1
NAVEGANTES;22/09/2026;22/09/2026;6;T6;PRINCIPAL;TAM;3272;3273;;;835;875;1;VOO;0;PROGRAMACAO SET26;A320;0;1
NAVEGANTES;22/09/2026;22/09/2026;5;T5;PRINCIPAL;AZU;4558;4630;;;910;950;3;VOO;0;PROGRAMACAO SET26;E295;0;1
NAVEGANTES;22/09/2026;22/09/2026;4;T4;PRINCIPAL;GLO;2165;1471;;;935;975;4;VOO;0;PROGRAMACAO SET26;B38M;0;1
NAVEGANTES;22/09/2026;22/09/2026;3;T3;PRINCIPAL;GLO;1216;1219;;;940;990;5;VOO;0;PROGRAMACAO SET26;B738;0;1
NAVEGANTES;22/09/2026;22/09/2026;6;T6;PRINCIPAL;TAM;3142;3143;;;985;1045;1;VOO;0;PROGRAMACAO SET26;A320;0;1
NAVEGANTES;22/09/2026;22/09/2026;6;T6;PRINCIPAL;TAM;3778;3779;;;1055;1100;1;VOO;0;PROGRAMACAO SET26;A320;0;1
NAVEGANTES;22/09/2026;22/09/2026;4;T4;PRINCIPAL;GLO;1218;1221;;;1085;1135;4;VOO;0;PROGRAMACAO SET26;B738;0;1
NAVEGANTES;22/09/2026;22/09/2026;3;T3;PRINCIPAL;GLO;1228;1229;;;1105;1150;5;VOO;0;PROGRAMACAO SET26;B738;0;1
NAVEGANTES;22/09/2026;22/09/2026;5;T5;PRINCIPAL;GLO;1854;1855;;;1115;1215;1;VOO;0;PROGRAMACAO SET26;B738;0;1
NAVEGANTES;22/09/2026;22/09/2026;2;T2;PRINCIPAL;AZU;4958;2861;;;1140;1185;3;VOO;0;PROGRAMACAO SET26;E295;0;1
NAVEGANTES;22/09/2026;22/09/2026;4;T4;PRINCIPAL;TAM;3408;3411;;;1145;1195;2;VOO;0;PROGRAMACAO SET26;A320;0;1
NAVEGANTES;22/09/2026;22/09/2026;3;T3;PRINCIPAL;TAM;3140;3141;;;1180;1220;5;VOO;0;PROGRAMACAO SET26;A319;0;1
NAVEGANTES;22/09/2026;23/09/2026;4;T4;PRINCIPAL;GLO;1856;1857;;;1390;370;4;VOO;0;PROGRAMACAO SET26;B738;0;1
NAVEGANTES;22/09/2026;23/09/2026;3;T3;PRINCIPAL;GLO;1230;1231;;;1400;380;5;VOO;0;PROGRAMACAO SET26;B738;0;1
NAVEGANTES;22/09/2026;23/09/2026;6;T6;PRINCIPAL;TAM;3304;3305;;;1410;310;1;VOO;0;PROGRAMACAO SET26;A320;0;1
NAVEGANTES;23/09/2026;23/09/2026;5;T5;PRINCIPAL;AZU;4910;2704;;;430;475;3;VOO;0;PROGRAMACAO SET26;E295;0;1
NAVEGANTES;23/09/2026;23/09/2026;6;T6;PRINCIPAL;TAM;3988;3989;;;480;520;1;VOO;0;PROGRAMACAO SET26;A320;0;1
NAVEGANTES;23/09/2026;23/09/2026;4;T4;PRINCIPAL;GLO;1212;1215;;;505;580;4;VOO;0;PROGRAMACAO SET26;B738;0;1
NAVEGANTES;23/09/2026;23/09/2026;3;T3;PRINCIPAL;GLO;1874;1851;;;540;580;5;VOO;0;PROGRAMACAO SET26;B738;0;1
NAVEGANTES;23/09/2026;23/09/2026;4;T4;PRINCIPAL;GLO;1214;1217;;;600;705;4;VOO;0;PROGRAMACAO SET26;B738;0;1
NAVEGANTES;23/09/2026;23/09/2026;6;T6;PRINCIPAL;TAM;3404;3607;;;605;645;1;VOO;0;PROGRAMACAO SET26;A320;0;1
NAVEGANTES;23/09/2026;23/09/2026;3;T3;PRINCIPAL;GLO;1224;1225;;;640;685;5;VOO;0;PROGRAMACAO SET26;B738;0;1
NAVEGANTES;23/09/2026;23/09/2026;6;T6;PRINCIPAL;TAM;3144;3145;;;655;695;1;VOO;0;PROGRAMACAO SET26;A319;0;1
NAVEGANTES;23/09/2026;23/09/2026;2;T2;PRINCIPAL;AZU;4165;2597;;;660;700;3;VOO;0;PROGRAMACAO SET26;E295;0;1
NAVEGANTES;23/09/2026;23/09/2026;6;T6;PRINCIPAL;TAM;3272;3273;;;835;875;1;VOO;0;PROGRAMACAO SET26;A319;0;1
NAVEGANTES;23/09/2026;23/09/2026;5;T5;PRINCIPAL;AZU;2595;4630;;;910;950;3;VOO;0;PROGRAMACAO SET26;E295;0;1
NAVEGANTES;23/09/2026;23/09/2026;4;T4;PRINCIPAL;GLO;1470;2187;;;925;975;4;VOO;0;PROGRAMACAO SET26;B738;0;1
NAVEGANTES;23/09/2026;23/09/2026;3;T3;PRINCIPAL;GLO;1216;1219;;;940;990;5;VOO;0;PROGRAMACAO SET26;B738;0;1
NAVEGANTES;23/09/2026;23/09/2026;6;T6;PRINCIPAL;TAM;3142;3143;;;985;1045;1;VOO;0;PROGRAMACAO SET26;A320;0;1
NAVEGANTES;23/09/2026;23/09/2026;6;T6;PRINCIPAL;TAM;3778;3779;;;1055;1100;1;VOO;0;PROGRAMACAO SET26;A320;0;1
NAVEGANTES;23/09/2026;23/09/2026;4;T4;PRINCIPAL;GLO;1218;1221;;;1085;1135;4;VOO;0;PROGRAMACAO SET26;B738;0;1
NAVEGANTES;23/09/2026;23/09/2026;3;T3;PRINCIPAL;GLO;1228;1229;;;1105;1150;5;VOO;0;PROGRAMACAO SET26;B738;0;1
NAVEGANTES;23/09/2026;23/09/2026;5;T5;PRINCIPAL;GLO;1854;1855;;;1115;1165;1;VOO;0;PROGRAMACAO SET26;B738;0;1
NAVEGANTES;23/09/2026;23/09/2026;2;T2;PRINCIPAL;AZU;4958;2861;;;1140;1185;3;VOO;0;PROGRAMACAO SET26;E295;0;1
NAVEGANTES;23/09/2026;23/09/2026;4;T4;PRINCIPAL;TAM;3408;3411;;;1145;1195;2;VOO;0;PROGRAMACAO SET26;A320;0;1
NAVEGANTES;23/09/2026;23/09/2026;6;T6;PRINCIPAL;TAM;3140;3141;;;1180;1220;1;VOO;0;PROGRAMACAO SET26;A320;0;1
NAVEGANTES;23/09/2026;24/09/2026;4;T4;PRINCIPAL;GLO;1856;1857;;;1370;370;4;VOO;0;PROGRAMACAO SET26;B738;0;1
NAVEGANTES;23/09/2026;24/09/2026;3;T3;PRINCIPAL;GLO;1230;1231;;;1400;375;5;VOO;0;PROGRAMACAO SET26;B738;0;1
NAVEGANTES;23/09/2026;24/09/2026;6;T6;PRINCIPAL;TAM;3304;3305;;;1405;310;1;VOO;0;PROGRAMACAO SET26;A320;0;1
NAVEGANTES;24/09/2026;24/09/2026;5;T5;PRINCIPAL;AZU;4910;2704;;;430;475;3;VOO;0;PROGRAMACAO SET26;E295;0;1
NAVEGANTES;24/09/2026;24/09/2026;6;T6;PRINCIPAL;TAM;3988;3989;;;480;520;1;VOO;0;PROGRAMACAO SET26;A320;0;1
NAVEGANTES;24/09/2026;24/09/2026;4;T4;PRINCIPAL;TAM;9340;9341;;;485;525;2;VOO;0;PROGRAMACAO SET26;A320;0;1
NAVEGANTES;24/09/2026;24/09/2026;3;T3;PRINCIPAL;GLO;1212;1215;;;505;580;4;VOO;0;PROGRAMACAO SET26;B738;0;1
NAVEGANTES;24/09/2026;24/09/2026;4;T4;PRINCIPAL;GLO;1874;1851;;;540;580;5;VOO;0;PROGRAMACAO SET26;B738;0;1
NAVEGANTES;24/09/2026;24/09/2026;4;T4;PRINCIPAL;GLO;1214;1217;;;600;705;4;VOO;0;PROGRAMACAO SET26;B738;0;1
NAVEGANTES;24/09/2026;24/09/2026;6;T6;PRINCIPAL;TAM;3404;3607;;;605;645;1;VOO;0;PROGRAMACAO SET26;A320;0;1
NAVEGANTES;24/09/2026;24/09/2026;3;T3;PRINCIPAL;GLO;1224;1225;;;640;685;5;VOO;0;PROGRAMACAO SET26;B738;0;1
NAVEGANTES;24/09/2026;24/09/2026;6;T6;PRINCIPAL;TAM;3144;3145;;;655;695;1;VOO;0;PROGRAMACAO SET26;A319;0;1
NAVEGANTES;24/09/2026;24/09/2026;2;T2;PRINCIPAL;AZU;4165;4170;;;660;700;3;VOO;0;PROGRAMACAO SET26;E295;0;1
NAVEGANTES;24/09/2026;24/09/2026;6;T6;PRINCIPAL;TAM;3272;3273;;;835;875;1;VOO;0;PROGRAMACAO SET26;A320;0;1
NAVEGANTES;24/09/2026;24/09/2026;5;T5;PRINCIPAL;AZU;4558;4630;;;910;955;3;VOO;0;PROGRAMACAO SET26;E295;0;1
NAVEGANTES;24/09/2026;24/09/2026;4;T4;PRINCIPAL;GLO;1470;1471;;;925;975;4;VOO;0;PROGRAMACAO SET26;B738;0;1
NAVEGANTES;24/09/2026;24/09/2026;3;T3;PRINCIPAL;TAM;9006;9007;;;930;970;1;VOO;0;PROGRAMACAO SET26;A320;0;1
NAVEGANTES;24/09/2026;24/09/2026;2;T2;PRINCIPAL;GLO;1216;1219;;;940;990;5;VOO;0;PROGRAMACAO SET26;B738;0;1
NAVEGANTES;24/09/2026;24/09/2026;6;T6;PRINCIPAL;TAM;3142;3143;;;985;1045;1;VOO;0;PROGRAMACAO SET26;A320;0;1
NAVEGANTES;24/09/2026;24/09/2026;6;T6;PRINCIPAL;TAM;3778;3779;;;1055;1100;1;VOO;0;PROGRAMACAO SET26;A320;0;1
NAVEGANTES;24/09/2026;24/09/2026;4;T4;PRINCIPAL;GLO;1218;1221;;;1085;1135;4;VOO;0;PROGRAMACAO SET26;B738;0;1
NAVEGANTES;24/09/2026;24/09/2026;3;T3;PRINCIPAL;GLO;1228;1229;;;1105;1150;5;VOO;0;PROGRAMACAO SET26;B738;0;1
NAVEGANTES;24/09/2026;24/09/2026;5;T5;PRINCIPAL;GLO;1854;1855;;;1115;1215;1;VOO;0;PROGRAMACAO SET26;B738;0;1
NAVEGANTES;24/09/2026;24/09/2026;2;T2;PRINCIPAL;AZU;4958;2861;;;1140;1185;3;VOO;0;PROGRAMACAO SET26;E295;0;1
NAVEGANTES;24/09/2026;24/09/2026;4;T4;PRINCIPAL;TAM;3408;3411;;;1145;1190;2;VOO;0;PROGRAMACAO SET26;A320;0;1
NAVEGANTES;24/09/2026;24/09/2026;3;T3;PRINCIPAL;TAM;3140;3141;;;1180;1220;5;VOO;0;PROGRAMACAO SET26;A320;0;1
NAVEGANTES;24/09/2026;24/09/2026;6;T6;PRINCIPAL;TAM;9351;9350;;;1295;1335;1;VOO;0;PROGRAMACAO SET26;A320;0;1
NAVEGANTES;24/09/2026;25/09/2026;4;T4;PRINCIPAL;GLO;1856;1857;;;1390;370;4;VOO;0;PROGRAMACAO SET26;B738;0;1
NAVEGANTES;24/09/2026;25/09/2026;3;T3;PRINCIPAL;GLO;1230;1231;;;1400;380;5;VOO;0;PROGRAMACAO SET26;B738;0;1
NAVEGANTES;24/09/2026;25/09/2026;6;T6;PRINCIPAL;TAM;3304;3305;;;1405;310;1;VOO;0;PROGRAMACAO SET26;A320;0;1
NAVEGANTES;25/09/2026;25/09/2026;5;T5;PRINCIPAL;AZU;4910;2704;;;430;475;3;VOO;0;PROGRAMACAO SET26;E295;0;1
NAVEGANTES;25/09/2026;25/09/2026;6;T6;PRINCIPAL;TAM;3988;3989;;;480;520;1;VOO;0;PROGRAMACAO SET26;A320;0;1
NAVEGANTES;25/09/2026;25/09/2026;4;T4;PRINCIPAL;GLO;1212;1215;;;505;580;4;VOO;0;PROGRAMACAO SET26;B738;0;1
NAVEGANTES;25/09/2026;25/09/2026;3;T3;PRINCIPAL;GLO;1874;1851;;;540;580;5;VOO;0;PROGRAMACAO SET26;B738;0;1
NAVEGANTES;25/09/2026;25/09/2026;6;T6;PRINCIPAL;TAM;3404;3607;;;585;635;1;VOO;0;PROGRAMACAO SET26;A320;0;1
NAVEGANTES;25/09/2026;25/09/2026;4;T4;PRINCIPAL;GLO;1214;1217;;;600;705;4;VOO;0;PROGRAMACAO SET26;B738;0;1
NAVEGANTES;25/09/2026;25/09/2026;3;T3;PRINCIPAL;GLO;1224;1225;;;640;685;5;VOO;0;PROGRAMACAO SET26;B738;0;1
NAVEGANTES;25/09/2026;25/09/2026;6;T6;PRINCIPAL;TAM;3144;3145;;;655;695;1;VOO;0;PROGRAMACAO SET26;A319;0;1
NAVEGANTES;25/09/2026;25/09/2026;2;T2;PRINCIPAL;AZU;4165;4170;;;660;700;3;VOO;0;PROGRAMACAO SET26;E295;0;1
NAVEGANTES;25/09/2026;25/09/2026;6;T6;PRINCIPAL;TAM;3272;3273;;;835;875;1;VOO;0;PROGRAMACAO SET26;A320;0;1
NAVEGANTES;25/09/2026;25/09/2026;5;T5;PRINCIPAL;AZU;4558;4630;;;910;955;3;VOO;0;PROGRAMACAO SET26;E295;0;1
NAVEGANTES;25/09/2026;25/09/2026;4;T4;PRINCIPAL;GLO;2165;2187;;;935;975;4;VOO;0;PROGRAMACAO SET26;B38M;0;1
NAVEGANTES;25/09/2026;25/09/2026;3;T3;PRINCIPAL;GLO;1216;1219;;;940;990;5;VOO;0;PROGRAMACAO SET26;B738;0;1
NAVEGANTES;25/09/2026;25/09/2026;6;T6;PRINCIPAL;TAM;3142;3143;;;985;1045;1;VOO;0;PROGRAMACAO SET26;A320;0;1
NAVEGANTES;25/09/2026;25/09/2026;6;T6;PRINCIPAL;TAM;3778;3779;;;1055;1100;1;VOO;0;PROGRAMACAO SET26;A320;0;1
NAVEGANTES;25/09/2026;25/09/2026;4;T4;PRINCIPAL;GLO;1218;1221;;;1085;1135;4;VOO;0;PROGRAMACAO SET26;B738;0;1
NAVEGANTES;25/09/2026;25/09/2026;3;T3;PRINCIPAL;GLO;1228;1229;;;1105;1150;5;VOO;0;PROGRAMACAO SET26;B738;0;1
NAVEGANTES;25/09/2026;25/09/2026;5;T5;PRINCIPAL;GLO;1854;1855;;;1115;1165;1;VOO;0;PROGRAMACAO SET26;B738;0;1
NAVEGANTES;25/09/2026;25/09/2026;2;T2;PRINCIPAL;AZU;4958;2861;;;1140;1185;3;VOO;0;PROGRAMACAO SET26;E295;0;1
NAVEGANTES;25/09/2026;25/09/2026;4;T4;PRINCIPAL;TAM;3408;3411;;;1155;1195;2;VOO;0;PROGRAMACAO SET26;A320;0;1
NAVEGANTES;25/09/2026;25/09/2026;6;T6;PRINCIPAL;TAM;3140;3141;;;1180;1220;1;VOO;0;PROGRAMACAO SET26;A320;0;1
NAVEGANTES;25/09/2026;26/09/2026;4;T4;PRINCIPAL;GLO;1856;1857;;;1370;370;4;VOO;0;PROGRAMACAO SET26;B738;0;1
NAVEGANTES;25/09/2026;26/09/2026;3;T3;PRINCIPAL;GLO;1230;1231;;;1400;390;5;VOO;0;PROGRAMACAO SET26;B738;0;1
NAVEGANTES;25/09/2026;26/09/2026;6;T6;PRINCIPAL;TAM;3304;3305;;;1405;320;1;VOO;0;PROGRAMACAO SET26;A320;0;1
NAVEGANTES;26/09/2026;26/09/2026;5;T5;PRINCIPAL;AZU;4910;2704;;;430;475;3;VOO;0;PROGRAMACAO SET26;E295;0;1
NAVEGANTES;26/09/2026;26/09/2026;4;T4;PRINCIPAL;TAM;3772;3989;;;435;485;1;VOO;0;PROGRAMACAO SET26;A320;0;1
NAVEGANTES;26/09/2026;26/09/2026;4;T4;PRINCIPAL;GLO;1874;1851;;;540;580;4;VOO;0;PROGRAMACAO SET26;B738;0;1
NAVEGANTES;26/09/2026;26/09/2026;6;T6;PRINCIPAL;TAM;3404;3607;;;585;630;1;VOO;0;PROGRAMACAO SET26;A320;0;1
NAVEGANTES;26/09/2026;26/09/2026;4;T4;PRINCIPAL;GLO;1214;1217;;;605;665;4;VOO;0;PROGRAMACAO SET26;B738;0;1
NAVEGANTES;26/09/2026;26/09/2026;3;T3;PRINCIPAL;TAM;3144;3145;;;620;670;2;VOO;0;PROGRAMACAO SET26;A319;0;1
NAVEGANTES;26/09/2026;26/09/2026;5;T5;PRINCIPAL;GLO;1224;1225;;;635;675;5;VOO;0;PROGRAMACAO SET26;B738;0;1
NAVEGANTES;26/09/2026;26/09/2026;2;T2;PRINCIPAL;AZU;4165;4170;;;660;700;3;VOO;0;PROGRAMACAO SET26;E295;0;1
NAVEGANTES;26/09/2026;26/09/2026;6;T6;PRINCIPAL;TAM;4608;4609;;;825;865;1;VOO;0;PROGRAMACAO SET26;A320;0;1
NAVEGANTES;26/09/2026;26/09/2026;5;T5;PRINCIPAL;AZU;4558;4630;;;910;955;3;VOO;0;PROGRAMACAO SET26;E295;0;1
NAVEGANTES;26/09/2026;26/09/2026;4;T4;PRINCIPAL;GLO;1470;1471;;;925;975;4;VOO;0;PROGRAMACAO SET26;B738;0;1
NAVEGANTES;26/09/2026;26/09/2026;3;T3;PRINCIPAL;GLO;1216;1219;;;940;985;5;VOO;0;PROGRAMACAO SET26;B738;0;1
NAVEGANTES;26/09/2026;26/09/2026;6;T6;PRINCIPAL;TAM;3988;3143;;;1000;1050;1;VOO;0;PROGRAMACAO SET26;A320;0;1
NAVEGANTES;26/09/2026;26/09/2026;4;T4;PRINCIPAL;GLO;1218;1855;;;1080;1155;4;VOO;0;PROGRAMACAO SET26;B738;0;1
NAVEGANTES;26/09/2026;27/09/2026;3;T3;PRINCIPAL;GLO;1854;1857;;;1115;370;5;VOO;0;PROGRAMACAO SET26;B738;0;1
NAVEGANTES;26/09/2026;26/09/2026;5;T5;PRINCIPAL;AZU;4958;2861;;;1140;1185;3;VOO;0;PROGRAMACAO SET26;E295;0;1
NAVEGANTES;26/09/2026;26/09/2026;2;T2;PRINCIPAL;TAM;3408;3411;;;1145;1195;1;VOO;0;PROGRAMACAO SET26;A320;0;1
NAVEGANTES;26/09/2026;27/09/2026;4;T4;PRINCIPAL;GLO;1856;1231;;;1390;375;4;VOO;0;PROGRAMACAO SET26;B738;0;1
NAVEGANTES;26/09/2026;27/09/2026;5;T5;PRINCIPAL;GLO;1230;1213;;;1400;475;1;VOO;0;PROGRAMACAO SET26;B738;0;1
NAVEGANTES;26/09/2026;27/09/2026;2;T2;PRINCIPAL;TAM;3304;3305;;;1405;310;2;VOO;0;PROGRAMACAO SET26;A320;0;1
NAVEGANTES;27/09/2026;27/09/2026;3;T3;PRINCIPAL;AZU;4910;2704;;;440;480;3;VOO;0;PROGRAMACAO SET26;E295;0;1
NAVEGANTES;27/09/2026;27/09/2026;4;T4;PRINCIPAL;GLO;1874;1851;;;540;580;4;VOO;0;PROGRAMACAO SET26;B738;0;1
NAVEGANTES;27/09/2026;27/09/2026;6;T6;PRINCIPAL;TAM;3136;3989;;;565;610;1;VOO;0;PROGRAMACAO SET26;A319;0;1
NAVEGANTES;27/09/2026;27/09/2026;4;T4;PRINCIPAL;TAM;3404;3607;;;585;640;2;VOO;0;PROGRAMACAO SET26;A320;0;1
NAVEGANTES;27/09/2026;27/09/2026;3;T3;PRINCIPAL;GLO;1214;1217;;;600;685;4;VOO;0;PROGRAMACAO SET26;B738;0;1
NAVEGANTES;27/09/2026;27/09/2026;5;T5;PRINCIPAL;GLO;1224;1225;;;625;675;5;VOO;0;PROGRAMACAO SET26;B738;0;1
NAVEGANTES;27/09/2026;27/09/2026;2;T2;PRINCIPAL;AZU;4165;2597;;;660;700;3;VOO;0;PROGRAMACAO SET26;E295;0;1
NAVEGANTES;27/09/2026;27/09/2026;26;T6C;PRINCIPAL;ABS;8451;8451;;;700;770;;VOO;0;PROGRAMACAO SET26;B763;1;1
NAVEGANTES;27/09/2026;27/09/2026;6;T6;PRINCIPAL;TAM;3272;3273;;;780;820;1;VOO;0;PROGRAMACAO SET26;A320;0;1
NAVEGANTES;27/09/2026;27/09/2026;6;T6;PRINCIPAL;TAM;4608;4609;;;825;865;1;VOO;0;PROGRAMACAO SET26;A320;0;1
NAVEGANTES;27/09/2026;27/09/2026;4;T4;PRINCIPAL;GLO;1216;1219;;;875;955;4;VOO;0;PROGRAMACAO SET26;B738;0;1
NAVEGANTES;27/09/2026;27/09/2026;5;T5;PRINCIPAL;AZU;2595;4630;;;930;970;3;VOO;0;PROGRAMACAO SET26;E295;0;1
NAVEGANTES;27/09/2026;27/09/2026;3;T3;PRINCIPAL;GLO;2165;2187;;;935;975;5;VOO;0;PROGRAMACAO SET26;B38M;0;1
NAVEGANTES;27/09/2026;27/09/2026;6;T6;PRINCIPAL;TAM;3138;3143;;;980;1030;1;VOO;0;PROGRAMACAO SET26;A320;0;1
NAVEGANTES;27/09/2026;27/09/2026;4;T4;PRINCIPAL;GLO;1218;1221;;;1055;1120;4;VOO;0;PROGRAMACAO SET26;B738;0;1
NAVEGANTES;27/09/2026;27/09/2026;3;T3;PRINCIPAL;GLO;1854;1855;;;1115;1165;5;VOO;0;PROGRAMACAO SET26;B738;0;1
NAVEGANTES;27/09/2026;27/09/2026;4;T4;PRINCIPAL;GLO;1228;1229;;;1135;1175;4;VOO;0;PROGRAMACAO SET26;B738;0;1
NAVEGANTES;27/09/2026;27/09/2026;5;T5;PRINCIPAL;AZU;4958;2861;;;1140;1185;3;VOO;0;PROGRAMACAO SET26;E295;0;1
NAVEGANTES;27/09/2026;27/09/2026;2;T2;PRINCIPAL;TAM;3408;3411;;;1145;1195;1;VOO;0;PROGRAMACAO SET26;A320;0;1
NAVEGANTES;27/09/2026;27/09/2026;6;T6;PRINCIPAL;TAM;3696;3141;;;1200;1240;1;VOO;0;PROGRAMACAO SET26;A320;0;1
NAVEGANTES;27/09/2026;28/09/2026;4;T4;PRINCIPAL;GLO;1856;1857;;;1370;370;4;VOO;0;PROGRAMACAO SET26;B738;0;1
NAVEGANTES;27/09/2026;28/09/2026;3;T3;PRINCIPAL;GLO;1230;1231;;;1400;380;5;VOO;0;PROGRAMACAO SET26;B738;0;1
NAVEGANTES;27/09/2026;28/09/2026;6;T6;PRINCIPAL;TAM;3304;3305;;;1405;310;1;VOO;0;PROGRAMACAO SET26;A320;0;1
NAVEGANTES;28/09/2026;28/09/2026;5;T5;PRINCIPAL;AZU;4910;2704;;;430;475;3;VOO;0;PROGRAMACAO SET26;E295;0;1
NAVEGANTES;28/09/2026;28/09/2026;6;T6;PRINCIPAL;TAM;3988;3989;;;480;520;1;VOO;0;PROGRAMACAO SET26;A320;0;1
NAVEGANTES;28/09/2026;28/09/2026;4;T4;PRINCIPAL;GLO;1212;1215;;;505;580;4;VOO;0;PROGRAMACAO SET26;B738;0;1
NAVEGANTES;28/09/2026;28/09/2026;3;T3;PRINCIPAL;GLO;1874;1851;;;540;580;5;VOO;0;PROGRAMACAO SET26;B738;0;1
NAVEGANTES;28/09/2026;28/09/2026;6;T6;PRINCIPAL;TAM;3404;3607;;;585;630;1;VOO;0;PROGRAMACAO SET26;A320;0;1
NAVEGANTES;28/09/2026;28/09/2026;4;T4;PRINCIPAL;GLO;1214;1217;;;600;705;4;VOO;0;PROGRAMACAO SET26;B738;0;1
NAVEGANTES;28/09/2026;28/09/2026;3;T3;PRINCIPAL;GLO;1224;1225;;;640;685;5;VOO;0;PROGRAMACAO SET26;B738;0;1
NAVEGANTES;28/09/2026;28/09/2026;6;T6;PRINCIPAL;TAM;3144;3145;;;655;695;1;VOO;0;PROGRAMACAO SET26;A319;0;1
NAVEGANTES;28/09/2026;28/09/2026;2;T2;PRINCIPAL;AZU;4165;4170;;;660;700;3;VOO;0;PROGRAMACAO SET26;E295;0;1
NAVEGANTES;28/09/2026;28/09/2026;6;T6;PRINCIPAL;TAM;3272;3273;;;835;875;1;VOO;0;PROGRAMACAO SET26;A320;0;1
NAVEGANTES;28/09/2026;28/09/2026;5;T5;PRINCIPAL;AZU;4558;4630;;;910;950;3;VOO;0;PROGRAMACAO SET26;E295;0;1
NAVEGANTES;28/09/2026;28/09/2026;4;T4;PRINCIPAL;GLO;1470;1471;;;925;975;4;VOO;0;PROGRAMACAO SET26;B738;0;1
NAVEGANTES;28/09/2026;28/09/2026;3;T3;PRINCIPAL;GLO;1216;1219;;;940;990;5;VOO;0;PROGRAMACAO SET26;B738;0;1
NAVEGANTES;28/09/2026;28/09/2026;6;T6;PRINCIPAL;TAM;3142;3143;;;985;1045;1;VOO;0;PROGRAMACAO SET26;A320;0;1
NAVEGANTES;28/09/2026;28/09/2026;6;T6;PRINCIPAL;TAM;3778;3779;;;1055;1100;1;VOO;0;PROGRAMACAO SET26;A320;0;1
NAVEGANTES;28/09/2026;28/09/2026;4;T4;PRINCIPAL;GLO;1218;1221;;;1085;1135;4;VOO;0;PROGRAMACAO SET26;B738;0;1
NAVEGANTES;28/09/2026;28/09/2026;3;T3;PRINCIPAL;GLO;1228;1229;;;1105;1150;5;VOO;0;PROGRAMACAO SET26;B738;0;1
NAVEGANTES;28/09/2026;28/09/2026;5;T5;PRINCIPAL;GLO;1854;1855;;;1115;1215;1;VOO;0;PROGRAMACAO SET26;B738;0;1
NAVEGANTES;28/09/2026;28/09/2026;2;T2;PRINCIPAL;AZU;4958;2861;;;1140;1185;3;VOO;0;PROGRAMACAO SET26;E295;0;1
NAVEGANTES;28/09/2026;28/09/2026;4;T4;PRINCIPAL;TAM;3408;3411;;;1145;1195;2;VOO;0;PROGRAMACAO SET26;A320;0;1
NAVEGANTES;28/09/2026;28/09/2026;3;T3;PRINCIPAL;TAM;3140;3141;;;1180;1220;5;VOO;0;PROGRAMACAO SET26;A320;0;1
NAVEGANTES;28/09/2026;29/09/2026;4;T4;PRINCIPAL;GLO;1856;1857;;;1390;370;4;VOO;0;PROGRAMACAO SET26;B738;0;1
NAVEGANTES;28/09/2026;29/09/2026;3;T3;PRINCIPAL;GLO;1230;1231;;;1400;380;5;VOO;0;PROGRAMACAO SET26;B738;0;1
NAVEGANTES;28/09/2026;29/09/2026;6;T6;PRINCIPAL;TAM;3304;3305;;;1405;310;1;VOO;0;PROGRAMACAO SET26;A320;0;1
NAVEGANTES;29/09/2026;29/09/2026;5;T5;PRINCIPAL;AZU;4910;2704;;;430;475;3;VOO;0;PROGRAMACAO SET26;E295;0;1
NAVEGANTES;29/09/2026;29/09/2026;6;T6;PRINCIPAL;TAM;3988;3989;;;480;520;1;VOO;0;PROGRAMACAO SET26;A320;0;1
NAVEGANTES;29/09/2026;29/09/2026;4;T4;PRINCIPAL;GLO;1212;1215;;;505;580;4;VOO;0;PROGRAMACAO SET26;B738;0;1
NAVEGANTES;29/09/2026;29/09/2026;3;T3;PRINCIPAL;GLO;1874;1851;;;540;580;5;VOO;0;PROGRAMACAO SET26;B738;0;1
NAVEGANTES;29/09/2026;29/09/2026;6;T6;PRINCIPAL;TAM;3404;3607;;;590;630;1;VOO;0;PROGRAMACAO SET26;A319;0;1
NAVEGANTES;29/09/2026;29/09/2026;4;T4;PRINCIPAL;GLO;1214;1217;;;600;705;4;VOO;0;PROGRAMACAO SET26;B738;0;1
NAVEGANTES;29/09/2026;29/09/2026;3;T3;PRINCIPAL;GLO;1224;1225;;;640;685;5;VOO;0;PROGRAMACAO SET26;B738;0;1
NAVEGANTES;29/09/2026;29/09/2026;6;T6;PRINCIPAL;TAM;3144;3145;;;655;695;1;VOO;0;PROGRAMACAO SET26;A319;0;1
NAVEGANTES;29/09/2026;29/09/2026;2;T2;PRINCIPAL;AZU;4165;4170;;;660;700;3;VOO;0;PROGRAMACAO SET26;E295;0;1
NAVEGANTES;29/09/2026;29/09/2026;6;T6;PRINCIPAL;TAM;3272;3273;;;835;875;1;VOO;0;PROGRAMACAO SET26;A320;0;1
NAVEGANTES;29/09/2026;29/09/2026;5;T5;PRINCIPAL;AZU;4558;4630;;;910;950;3;VOO;0;PROGRAMACAO SET26;E295;0;1
NAVEGANTES;29/09/2026;29/09/2026;4;T4;PRINCIPAL;GLO;2165;1471;;;935;975;4;VOO;0;PROGRAMACAO SET26;B38M;0;1
NAVEGANTES;29/09/2026;29/09/2026;3;T3;PRINCIPAL;GLO;1216;1219;;;940;990;5;VOO;0;PROGRAMACAO SET26;B738;0;1
NAVEGANTES;29/09/2026;29/09/2026;6;T6;PRINCIPAL;TAM;3142;3143;;;985;1045;1;VOO;0;PROGRAMACAO SET26;A320;0;1
NAVEGANTES;29/09/2026;29/09/2026;6;T6;PRINCIPAL;TAM;3778;3779;;;1055;1100;1;VOO;0;PROGRAMACAO SET26;A320;0;1
NAVEGANTES;29/09/2026;29/09/2026;4;T4;PRINCIPAL;GLO;1218;1221;;;1085;1135;4;VOO;0;PROGRAMACAO SET26;B738;0;1
NAVEGANTES;29/09/2026;29/09/2026;3;T3;PRINCIPAL;GLO;1228;1229;;;1105;1150;5;VOO;0;PROGRAMACAO SET26;B738;0;1
NAVEGANTES;29/09/2026;29/09/2026;5;T5;PRINCIPAL;GLO;1854;1855;;;1115;1215;1;VOO;0;PROGRAMACAO SET26;B738;0;1
NAVEGANTES;29/09/2026;29/09/2026;2;T2;PRINCIPAL;AZU;4958;2861;;;1140;1185;3;VOO;0;PROGRAMACAO SET26;E295;0;1
NAVEGANTES;29/09/2026;29/09/2026;4;T4;PRINCIPAL;TAM;3140;3141;;;1180;1220;2;VOO;0;PROGRAMACAO SET26;A319;0;1
NAVEGANTES;29/09/2026;30/09/2026;4;T4;PRINCIPAL;GLO;1856;1857;;;1390;370;4;VOO;0;PROGRAMACAO SET26;B738;0;1
NAVEGANTES;29/09/2026;30/09/2026;3;T3;PRINCIPAL;GLO;1230;1231;;;1400;380;5;VOO;0;PROGRAMACAO SET26;B738;0;1
NAVEGANTES;29/09/2026;30/09/2026;6;T6;PRINCIPAL;TAM;3304;3305;;;1405;310;1;VOO;0;PROGRAMACAO SET26;A320;0;1
NAVEGANTES;30/09/2026;30/09/2026;5;T5;PRINCIPAL;AZU;4910;2704;;;430;475;3;VOO;0;PROGRAMACAO SET26;E295;0;1
NAVEGANTES;30/09/2026;30/09/2026;6;T6;PRINCIPAL;TAM;3988;3989;;;480;520;1;VOO;0;PROGRAMACAO SET26;A320;0;1
NAVEGANTES;30/09/2026;30/09/2026;4;T4;PRINCIPAL;GLO;1212;1215;;;505;580;4;VOO;0;PROGRAMACAO SET26;B738;0;1
NAVEGANTES;30/09/2026;30/09/2026;3;T3;PRINCIPAL;GLO;1874;1851;;;540;580;5;VOO;0;PROGRAMACAO SET26;B738;0;1
NAVEGANTES;30/09/2026;30/09/2026;4;T4;PRINCIPAL;GLO;1214;1217;;;600;705;4;VOO;0;PROGRAMACAO SET26;B738;0;1
NAVEGANTES;30/09/2026;30/09/2026;6;T6;PRINCIPAL;TAM;3404;3607;;;605;645;1;VOO;0;PROGRAMACAO SET26;A320;0;1
NAVEGANTES;30/09/2026;30/09/2026;3;T3;PRINCIPAL;GLO;1224;1225;;;640;685;5;VOO;0;PROGRAMACAO SET26;B738;0;1
NAVEGANTES;30/09/2026;30/09/2026;6;T6;PRINCIPAL;TAM;3144;3145;;;655;695;1;VOO;0;PROGRAMACAO SET26;A319;0;1
NAVEGANTES;30/09/2026;30/09/2026;2;T2;PRINCIPAL;AZU;4165;2597;;;660;700;3;VOO;0;PROGRAMACAO SET26;E295;0;1
NAVEGANTES;30/09/2026;30/09/2026;6;T6;PRINCIPAL;TAM;3272;3273;;;835;875;1;VOO;0;PROGRAMACAO SET26;A320;0;1
NAVEGANTES;30/09/2026;30/09/2026;5;T5;PRINCIPAL;AZU;2595;4630;;;910;950;3;VOO;0;PROGRAMACAO SET26;E295;0;1
NAVEGANTES;30/09/2026;30/09/2026;4;T4;PRINCIPAL;GLO;1470;2187;;;925;975;4;VOO;0;PROGRAMACAO SET26;B738;0;1
NAVEGANTES;30/09/2026;30/09/2026;3;T3;PRINCIPAL;GLO;1216;1219;;;940;990;5;VOO;0;PROGRAMACAO SET26;B738;0;1
NAVEGANTES;30/09/2026;30/09/2026;6;T6;PRINCIPAL;TAM;3142;3143;;;985;1045;1;VOO;0;PROGRAMACAO SET26;A320;0;1
NAVEGANTES;30/09/2026;30/09/2026;6;T6;PRINCIPAL;TAM;3778;3779;;;1055;1100;1;VOO;0;PROGRAMACAO SET26;A320;0;1
NAVEGANTES;30/09/2026;30/09/2026;4;T4;PRINCIPAL;GLO;1218;1221;;;1085;1135;4;VOO;0;PROGRAMACAO SET26;B738;0;1
NAVEGANTES;30/09/2026;30/09/2026;3;T3;PRINCIPAL;GLO;1228;1229;;;1105;1150;5;VOO;0;PROGRAMACAO SET26;B738;0;1
NAVEGANTES;30/09/2026;30/09/2026;5;T5;PRINCIPAL;GLO;1854;1855;;;1115;1165;1;VOO;0;PROGRAMACAO SET26;B738;0;1
NAVEGANTES;30/09/2026;30/09/2026;2;T2;PRINCIPAL;AZU;4958;2861;;;1140;1185;3;VOO;0;PROGRAMACAO SET26;E295;0;1
NAVEGANTES;30/09/2026;30/09/2026;4;T4;PRINCIPAL;TAM;3408;3411;;;1145;1195;2;VOO;0;PROGRAMACAO SET26;A320;0;1
NAVEGANTES;30/09/2026;30/09/2026;6;T6;PRINCIPAL;TAM;3140;3141;;;1180;1220;1;VOO;0;PROGRAMACAO SET26;A320;0;1
